17,1.9,2.827599876081,15,1.9,2.41013176584063,13,1.9,2.54231310119142,11,1.9,0.686702625971047,9,1.9,1.20208050995836
17,1.9,3.40143204269844,15,1.9,2.9135853669659,13,1.9,2.82509708187434,11,1.9,1.61329278695201,9,1.9,1.50116286085534
17,1.9,3.9580128019394,15,1.9,3.42052358193772,13,1.9,3.25782751157745,11,1.9,1.99950025279012,9,1.9,1.82714021176007
17,1.9,4.33853202418343,15,1.9,3.7511873399285,13,1.9,3.48354096977059,11,1.9,2.30781292350346,9,1.9,2.02290510442248
17,1.9,4.80936942094036,15,1.9,4.18068149632135,13,1.9,3.87201528250604,11,1.9,2.67402324490366,9,1.9,2.33501115520988
17,1.9,5.21314321319754,15,1.9,4.54633842246769,13,1.9,4.18031711813264,11,1.9,2.99709076511037,9,1.9,2.60183419804763
17,1.9,5.5062854808585,15,1.9,4.80318782470946,13,1.9,4.39552980802298,11,1.9,3.1969512186272,9,1.9,2.75453383600967
17,1.9,5.89344235978995,15,1.9,5.1586377426192,13,1.9,4.70578503255283,11,1.9,3.51107094164814,9,1.9,3.02500751744506
17,1.9,6.23850660931143,15,1.9,5.47540098993595,13,1.9,4.98886780324397,11,1.9,3.78311267390893,9,1.9,3.26541582110344
17,1.9,6.47873303359421,15,1.9,5.68824021452356,13,1.9,5.16559133185739,11,1.9,3.94956955877712,9,1.9,3.39610952429653
17,1.9,6.81661238805597,15,1.9,6.00123296045651,13,1.9,5.44568561600073,11,1.9,4.22261069213025,9,1.9,3.63780503365624
17,1.9,7.12923029526145,15,1.9,6.29143571772211,13,1.9,5.70672985656253,11,1.9,4.47606462980187,9,1.9,3.86666097874151
17,1.9,7.32919666671247,15,1.9,6.46968361773486,13,1.9,5.85673783800858,11,1.9,4.61355299141393,9,1.9,3.9742025143431
17,1.9,7.63788934535693,15,1.9,6.75848601228765,13,1.9,6.11628124290385,11,1.9,4.86719747327325,9,1.9,4.20162030385394
17,1.9,7.92121085013902,15,1.9,7.0224566216143,13,1.9,6.35687656975788,11,1.9,5.09959309319828,9,1.9,4.41218822164264
17,1.9,8.09823703262996,15,1.9,7.18114091107089,13,1.9,6.49009865788704,11,1.9,5.22193662806896,9,1.9,4.50698231012543
17,1.9,8.37610209585944,15,1.9,7.44280741737095,13,1.9,6.7273741003632,11,1.9,5.45233531119278,9,1.9,4.7130650249531
17,1.9,8.64600942077292,15,1.9,7.69418485335498,13,1.9,6.95558603998312,11,1.9,5.67398481049587,9,1.9,4.91487096059157
17,1.9,8.79792690968259,15,1.9,7.82926739932304,13,1.9,7.06783868458145,11,1.9,5.77532375381207,9,1.9,4.99039811151382
17,1.9,9.05748786219243,15,1.9,8.07496723313125,13,1.9,7.29048025590317,11,1.9,5.99273000123774,9,1.9,5.18554378543981
17,1.9,9.30705671623344,15,1.9,8.30666893625092,13,1.9,7.5011008967079,11,1.9,6.19680716197987,9,1.9,5.37172703590688
17,1.9,9.44227006812966,15,1.9,8.42657077802168,13,1.9,7.59920580176154,11,1.9,6.28539190553553,9,1.9,5.43653058954312
17,1.9,9.67711872407654,15,1.9,8.64910060543382,13,1.9,7.80177133943892,11,1.9,6.48312642418399,9,1.9,5.61372952676292
17,1.9,9.91466582777216,15,1.9,8.86984423209111,13,1.9,8.00232500800647,11,1.9,6.67804859141386,9,1.9,5.79265442876112
17,1.9,10.0283302216475,15,1.9,8.96966520682607,13,1.9,8.08246902163881,11,1.9,6.74864567290525,9,1.9,5.84117158268849
17,1.9,10.2468927024208,15,1.9,9.17765677382197,13,1.9,8.27208561413621,11,1.9,6.93530867563594,9,1.9,6.00931608582089
17,1.9,10.4673759461758,15,1.9,9.38213328869301,13,1.9,8.45817977277817,11,1.9,7.11560017974731,9,1.9,6.17521767210937
17,1.9,10.56546599516,15,1.9,9.46856798375686,13,1.9,8.52632491274763,11,1.9,7.17534770806324,9,1.9,6.21477401182407
17,1.9,10.7644665525417,15,1.9,9.65711321325287,13,1.9,8.69872217856364,11,1.9,7.34512821023882,9,1.9,6.367744248901
17,1.9,10.9743390654193,15,1.9,9.85231242375746,13,1.9,8.87679287237381,11,1.9,7.51804207849156,9,1.9,6.52785246930483
17,1.9,11.0545902150463,15,1.9,9.9215908920613,13,1.9,8.9295566289957,11,1.9,7.56290124487911,9,1.9,6.55395524402739
17,1.9,11.2405943857562,15,1.9,10.0982108350738,13,1.9,9.09143315244718,11,1.9,7.72277762551327,9,1.9,6.69921988488622
17,1.9,11.4360832016103,15,1.9,10.2800106698029,13,1.9,9.25760760175623,11,1.9,7.88396932058028,9,1.9,6.84867708178993
17,1.9,11.5033759867188,15,1.9,10.3374389080395,13,1.9,9.29987206836391,11,1.9,7.91976766569291,9,1.9,6.86742085676312
17,1.9,11.6736547647425,15,1.9,10.4993164559927,13,1.9,9.4484225804575,11,1.9,8.06510465558968,9,1.9,6.99977657703603
17,1.9,11.8598111900493,15,1.9,10.6728692663613,13,1.9,9.60768887473492,11,1.9,8.22050266611995,9,1.9,7.14459552632809
17,1.9,11.9126997039656,15,1.9,10.7161911103576,13,1.9,9.63712358794377,11,1.9,8.2438097668501,9,1.9,7.15219913586066
17,1.9,12.0718513379644,15,1.9,10.8685916136383,13,1.9,9.77738025603684,11,1.9,8.38070350863116,9,1.9,7.2778042538992
17,1.9,12.2460720109431,15,1.9,11.0308832824346,13,1.9,9.92663454474636,11,1.9,8.52659590093527,9,1.9,7.41390566525518
17,1.9,12.2882225030412,15,1.9,11.0641137795612,13,1.9,9.9471340256916,11,1.9,8.54194296844936,9,1.9,7.41536665783494
17,1.9,12.4340494328964,15,1.9,11.204442403634,13,1.9,10.0764200974005,11,1.9,8.66723419326382,9,1.9,7.5299194005439
17,1.9,12.6004991911765,15,1.9,11.3597565482268,13,1.9,10.2198355063806,11,1.9,8.80844698620882,9,1.9,7.66251383921657
17,1.9,12.6310572171275,15,1.9,11.3816267079449,13,1.9,10.2299104447217,11,1.9,8.81322478207358,9,1.9,7.65432332056897
17,1.9,12.767087965155,15,1.9,11.5135525794202,13,1.9,10.3520157742826,11,1.9,8.93233515417872,9,1.9,7.76368952763958
17,1.9,12.923764213048,15,1.9,11.6596805302133,13,1.9,10.4872632375505,11,1.9,9.06536903518105,9,1.9,7.88898099440257
17,1.9,12.9455530960626,15,1.9,11.6730882618776,13,1.9,10.4899238390836,11,1.9,9.06360070864731,9,1.9,7.87566097892539
17,1.9,13.0705633918898,15,1.9,11.7947106624302,13,1.9,10.6027108260288,11,1.9,9.17347830803851,9,1.9,7.97607120455954
17,1.9,13.2207805639152,15,1.9,11.9351664489167,13,1.9,10.7333148145735,11,1.9,9.30245308570871,9,1.9,8.09848593645311
17,1.9,13.233278981664,15,1.9,11.9394521425768,13,1.9,10.7275176000514,11,1.9,9.29187256917734,9,1.9,8.0769458572488
17,1.9,13.3497213509161,15,1.9,12.0537259417333,13,1.9,10.8340421529492,11,1.9,9.39651990988675,9,1.9,8.17353102856683
17,1.9,13.4919631592151,15,1.9,12.1867296526551,13,1.9,10.9580423181031,11,1.9,9.51871365244274,9,1.9,8.28959329462247
17,1.9,13.4972885095654,15,1.9,12.1840844991169,13,1.9,10.9461390133538,11,1.9,9.50275228071688,9,1.9,8.26401634996565
17,1.9,13.6045437570741,15,1.9,12.2896812629149,13,1.9,11.0447400256166,11,1.9,9.5994894986636,9,1.9,8.35297563338943
17,1.9,13.7414035409939,15,1.9,12.4180766476956,13,1.9,11.1650338661658,11,1.9,9.71846725382886,9,1.9,8.46667501127358
17,1.9,13.7390847967067,15,1.9,12.4080746961358,13,1.9,11.1461529871812,11,1.9,9.69530300169847,9,1.9,8.43424622356925
17,1.9,13.8393315358823,15,1.9,12.5072981069341,13,1.9,11.2394686900332,11,1.9,9.78760712752908,9,1.9,8.52020774934968
17,1.9,13.9695568571938,15,1.9,12.6296224997094,13,1.9,11.3542215669256,11,1.9,9.90082518859877,9,1.9,8.6283031602311
17,1.9,13.9612372942952,15,1.9,12.6139477669998,13,1.9,11.3305663504145,11,1.9,9.87334786450048,9,1.9,8.59279300492221
17,1.9,14.0539868610438,15,1.9,12.7058137324201,13,1.9,11.4168095403241,11,1.9,9.95877473830097,9,1.9,8.67222768925242
17,1.9,14.1796000934297,15,1.9,12.8244408208717,13,1.9,11.5287302470425,11,1.9,10.0694583245761,9,1.9,8.77834298368896
17,1.9,14.1650261540801,15,1.9,12.802747273446,13,1.9,11.4992440515429,11,1.9,10.0358677636492,9,1.9,8.73708717622611
17,1.9,14.2521967161919,15,1.9,12.8891111593336,13,1.9,11.5808879170964,11,1.9,10.1175586863715,9,1.9,8.81412507337149
17,1.9,14.3721644517291,15,1.9,13.0026507208158,13,1.9,11.6881802966184,11,1.9,10.2233705956197,9,1.9,8.91536878968901
17,1.9,14.3524206839594,15,1.9,12.9764197491766,13,1.9,11.6547565659063,11,1.9,10.1863844128935,9,1.9,8.87184290878846
17,1.9,14.4338163674704,15,1.9,13.0565554937387,13,1.9,11.7305486289924,11,1.9,10.262016341414,9,1.9,8.94316108605605
17,1.9,14.5498240761191,15,1.9,13.1671369842315,13,1.9,11.8355408915076,11,1.9,10.3658741709669,9,1.9,9.04281852414694
17,1.9,14.5247281294484,15,1.9,13.1358884765583,13,1.9,11.7973796771679,11,1.9,10.3239375715466,9,1.9,8.99465596297302
17,1.9,14.6017256340651,15,1.9,13.2114285630255,13,1.9,11.869213040449,11,1.9,10.3963576629713,9,1.9,9.06418808115659
17,1.9,14.7128012875335,15,1.9,13.3178153208897,13,1.9,11.9702683161635,11,1.9,10.496072581654,9,1.9,9.15937062695589
17,1.9,14.683302099491,15,1.9,13.282844363972,13,1.9,11.9289749096369,11,1.9,10.4514204419209,9,1.9,9.10970519729808
17,1.9,14.7557366609923,15,1.9,13.3530714869294,13,1.9,11.9956010972047,11,1.9,10.5185763420267,9,1.9,9.17417434301087
17,1.9,14.863500032255,15,1.9,13.4569263841085,13,1.9,12.0949192606373,11,1.9,10.6167843300372,9,1.9,9.2680245595596
17,1.9,14.8293748248625,15,1.9,13.4176938778482,13,1.9,12.0496330012451,11,1.9,10.5679693106219,9,1.9,9.21475952450891
17,1.9,14.8981755477688,15,1.9,13.4841561865211,13,1.9,12.1130546155273,11,1.9,10.6324830697572,9,1.9,9.27763947294219
17,1.9,15.0017264432352,15,1.9,13.5844054339872,13,1.9,12.2089436085573,11,1.9,10.7270838848825,9,1.9,9.36747959764506
17,1.9,14.9637737829348,15,1.9,13.5419665809366,13,1.9,12.1611619239331,11,1.9,10.6761404881519,9,1.9,9.3135481324957
17,1.9,15.0287768646011,15,1.9,13.6041579137838,13,1.9,12.2203194763991,11,1.9,10.7360344617385,9,1.9,9.37176849971183
17,1.9,15.1295950442984,15,1.9,13.7023178058883,13,1.9,12.3147031118031,11,1.9,10.8294948026718,9,1.9,9.46040734439449
17,1.9,15.087719167603,15,1.9,13.6564181380086,13,1.9,12.2635867894211,11,1.9,10.7750166682532,9,1.9,9.40356021904429
17,1.9,15.1498967424236,15,1.9,13.7155816780421,13,1.9,12.3200822271272,11,1.9,10.8328247178489,9,1.9,9.46042224485914
17,1.9,15.2471154129239,15,1.9,13.8105587722618,13,1.9,12.4114575061568,11,1.9,10.9230699447772,9,1.9,9.54545146408392
17,1.9,15.2020334883058,15,1.9,13.7619089792743,13,1.9,12.3582228990924,11,1.9,10.8670526921801,9,1.9,9.48835941597709
17,1.9,15.2610025277207,15,1.9,13.8176653574529,13,1.9,12.4111950387576,11,1.9,10.9208376017256,9,1.9,9.54095385915967
17,1.9,15.3559783290296,15,1.9,13.9109028246324,13,1.9,12.5013900745181,11,1.9,11.0101638000152,9,1.9,9.62503897195245
17,1.9,15.3076113572112,15,1.9,13.859299144307,13,1.9,12.4453241808727,11,1.9,10.9510978206739,9,1.9,9.56561365511648
17,1.9,15.3642761962899,15,1.9,13.9127399050593,13,1.9,12.4961288694944,11,1.9,11.0032902212155,9,1.9,9.61706592423057
17,1.9,15.4560977685186,15,1.9,14.0030979318682,13,1.9,12.5836667422066,11,1.9,11.0897111578524,9,1.9,9.69788260962009
17,1.9,15.4050042391218,15,1.9,13.949221830784,13,1.9,12.5258575673142,11,1.9,11.0295439286732,9,1.9,9.63846126665432
17,1.9,15.4590641120342,15,1.9,13.9998759137599,13,1.9,12.5738599713774,11,1.9,11.0783032649757,9,1.9,9.68599995225653
17,1.9,15.5491331797259,15,1.9,14.0887343577981,13,1.9,12.6603279933204,11,1.9,11.163961301024,9,1.9,9.76607731061645
17,1.9,15.4951220691353,15,1.9,14.0322358327436,13,1.9,12.6001910779706,11,1.9,11.1012035448814,9,1.9,9.70463947795818
17,1.9,15.5475227291516,15,1.9,14.0811258592993,13,1.9,12.6465524540548,11,1.9,11.1489303537007,9,1.9,9.75133262882746
17,1.9,15.6346482985197,15,1.9,14.1673982375063,13,1.9,12.7306690068275,11,1.9,11.2319816275445,9,1.9,9.8285002334582
17,1.9,15.5782297977799,15,1.9,14.1088330255169,13,1.9,12.6689352957169,11,1.9,11.1682820287134,9,1.9,9.76723835048247
17,1.9,15.6287088384335,15,1.9,14.1554635041883,13,1.9,12.7129862677029,11,1.9,11.213371039667,9,1.9,9.81047654836829
17,1.9,15.7142751933375,15,1.9,14.2404210659702,13,1.9,12.7961232188356,11,1.9,11.295617012265,9,1.9,9.8870648853193
17,1.9,15.6553670442963,15,1.9,14.1796781244556,13,1.9,12.7323825023192,11,1.9,11.2298322764454,9,1.9,9.82398903190938
17,1.9,15.7043415235468,15,1.9,14.2248736998342,13,1.9,12.7753096997371,11,1.9,11.2743461540086,9,1.9,9.86657345388029
17,1.9,15.7874603849315,15,1.9,14.3076157388317,13,1.9,12.8561738181621,11,1.9,11.3540039886689,9,1.9,9.94059151526063
17,1.9,15.7264850599107,15,1.9,14.2451406170353,13,1.9,12.7911563460864,11,1.9,11.2877186394378,9,1.9,9.87776853628486
17,1.9,15.7738729587055,15,1.9,14.288593446851,13,1.9,12.832264390054,11,1.9,11.3301554233898,9,1.9,9.91729398619666
17,1.9,15.8555467298877,15,1.9,14.370156865222,13,1.9,12.9122853999527,11,1.9,11.4090048195747,9,1.9,9.99092932758421
17,1.9,15.7924722507795,15,1.9,14.3058284642112,13,1.9,12.8454739653316,11,1.9,11.340984308457,9,1.9,9.92646519661585
17,1.9,15.838782874778,15,1.9,14.3480613764363,13,1.9,12.8858318245842,11,1.9,11.3832847309481,9,1.9,9.96548319086698
17,1.9,15.9183309345272,15,1.9,14.4276373886854,13,1.9,12.963748448295,11,1.9,11.4596048674431,9,1.9,10.0368628003837
17,1.9,15.8535362825099,15,1.9,14.3618535506346,13,1.9,12.8959160853382,11,1.9,11.3914936092478,9,1.9,9.97266738856268
17,1.9,15.8983379777003,15,1.9,14.4026324993483,13,1.9,12.9346756059015,11,1.9,11.431824120251,9,1.9,10.0089165974935
17,1.9,15.9767108605104,15,1.9,14.48122345537,13,1.9,13.0119593531364,11,1.9,11.5073784978698,9,1.9,10.0801134596149
17,1.9,15.9100447290615,15,1.9,14.4138365619428,13,1.9,12.9425472796623,11,1.9,11.4379454173919,9,1.9,10.0144463673921
17,1.9,15.9539636266006,15,1.9,14.4537943086554,13,1.9,12.980908708577,11,1.9,11.4779759047012,9,1.9,10.0504132107676
17,1.9,16.0304341909441,15,1.9,14.5305305790836,13,1.9,13.0561980936838,11,1.9,11.5512229715217,9,1.9,10.1195404993589
17,1.9,15.9622803379435,15,1.9,14.4619170447379,13,1.9,12.9860324729586,11,1.9,11.4819340128287,9,1.9,10.0542018577942
17,1.9,16.0049033633125,15,1.9,14.5006432465983,13,1.9,13.0231690823831,11,1.9,11.5199126109851,9,1.9,10.087690284622
17,1.9,16.0804733055885,15,1.9,14.5765629668711,13,1.9,13.0978403802753,11,1.9,11.5925825788955,9,1.9,10.1567513818207
17,1.9,16.0107823114908,15,1.9,14.5064870546818,13,1.9,13.0263561124643,11,1.9,11.5223177031185,9,1.9,10.0900601637793
17,1.9,16.0524900922299,15,1.9,14.5446643909704,13,1.9,13.0630513043629,11,1.9,11.5598569281473,9,1.9,10.1234839679437
17,1.9,16.1263978744824,15,1.9,14.6189238067806,13,1.9,13.1360035580039,11,1.9,11.6305694309174,9,1.9,10.190692558322
17,1.9,16.0555340726444,15,1.9,14.5477955445837,13,1.9,13.0638876267556,11,1.9,11.5605646996477,9,1.9,10.124346499438
17,1.9,16.09598116833,15,1.9,14.5848959891216,13,1.9,13.099792230881,11,1.9,11.5960721507171,9,1.9,10.1555235386854
17,1.9,16.1691829729216,15,1.9,14.6584875024874,13,1.9,13.1720745937733,11,1.9,11.6663946855208,9,1.9,10.2227878949054
17,1.9,16.097171337175,15,1.9,14.5862144905818,13,1.9,13.0987804562578,11,1.9,11.5955409227125,9,1.9,10.155141637356
17,1.9,16.1368332327557,15,1.9,14.6229415026684,13,1.9,13.1346414698845,11,1.9,11.6306955694321,9,1.9,10.186366596845
17,1.9,16.2085870136095,15,1.9,14.6949738984879,13,1.9,13.2052231130742,11,1.9,11.6992185038448,9,1.9,10.2519632698188
17,1.9,16.1356280412064,15,1.9,14.6217809638682,13,1.9,13.1316605375812,11,1.9,11.628707420228,9,1.9,10.1847240641361
17,1.9,16.1742026946391,15,1.9,14.6575502694213,13,1.9,13.1666780442771,11,1.9,11.6619069464385,9,1.9,10.2138971067817
17,1.9,16.2454468745867,15,1.9,14.7290597007378,13,1.9,13.2367091440047,11,1.9,11.730219922581,9,1.9,10.2796266373922
17,1.9,16.1714771425211,15,1.9,14.6548504151012,13,1.9,13.162230284476,11,1.9,11.6589134237739,9,1.9,10.2111742602052
17,1.9,16.2091739392256,15,1.9,14.6903015726648,13,1.9,13.1972403612169,11,1.9,11.6919003007056,9,1.9,10.2405048703821
17,1.9,16.2791740097839,15,1.9,14.7604409503929,13,1.9,13.2656635038058,11,1.9,11.758651429908,9,1.9,10.3047271225321
17,1.9,16.2045319051552,15,1.9,14.6855070039378,13,1.9,13.1911646528518,11,1.9,11.6875906715752,9,1.9,10.2366692841544
17,1.9,16.2410991273583,15,1.9,14.7200530734163,13,1.9,13.225199875328,11,1.9,11.7187888247834,9,1.9,10.2641411186814
17,1.9,16.3107999294804,15,1.9,14.7898641121011,13,1.9,13.2931834781354,11,1.9,11.7854669941126,9,1.9,10.3285763210215
17,1.9,16.235357625182,15,1.9,14.7140914917677,13,1.9,13.2181582143257,11,1.9,11.7136803045718,9,1.9,10.259370597822
17,1.9,16.2711289223447,15,1.9,14.748377856945,13,1.9,13.2518800427167,11,1.9,11.7447418223836,9,1.9,10.2870845670685
17,1.9,16.3396767780404,15,1.9,14.8169034719321,13,1.9,13.3184649874992,11,1.9,11.8099668880123,9,1.9,10.3501252993961
17,1.9,16.2635552104768,15,1.9,14.7405864338166,13,1.9,13.2434983026797,11,1.9,11.738494360419,9,1.9,10.2814128524544
17,1.9,16.2984616455933,15,1.9,14.7740451363133,13,1.9,13.2762513685748,11,1.9,11.7679210933911,9,1.9,10.3074002244879
17,1.9,16.3668057547767,15,1.9,14.8423346956433,13,1.9,13.342494500948,11,1.9,11.8331776511229,9,1.9,10.3707169982008
17,1.9,16.2900541230027,15,1.9,14.7652889751453,13,1.9,13.2671723204809,11,1.9,11.7609359008857,9,1.9,10.3009129183067
17,1.9,16.3242832318969,15,1.9,14.7984369731373,13,1.9,13.2996474561442,11,1.9,11.7903110086683,9,1.9,10.3272320222769
17,1.9,16.3916066522954,15,1.9,14.8656040659004,13,1.9,13.3645887449683,11,1.9,11.8543029969688,9,1.9,10.3892863067199
17,1.9,16.3144200677554,15,1.9,14.7882111169731,13,1.9,13.2893928065542,11,1.9,11.7823613623875,9,1.9,10.3199992098895
17,1.9,16.3477259750592,15,1.9,14.8205067759798,13,1.9,13.3208078893838,11,1.9,11.8103006233443,9,1.9,10.344719404465
17,1.9,16.4149268791411,15,1.9,14.8875335905293,13,1.9,13.3855485522099,11,1.9,11.8743382760162,9,1.9,10.4070892687017
17,1.9,16.3373049807581,15,1.9,14.8095452195373,13,1.9,13.3100123251621,11,1.9,11.8016495398448,9,1.9,10.3367832083599
17,1.9,16.3699382974307,15,1.9,14.8416570423538,13,1.9,13.3411429540823,11,1.9,11.8295604411804,9,1.9,10.3618984469208
17,1.9,16.4362912000956,15,1.9,14.9076480532009,13,1.9,13.40474864679,11,1.9,11.8925234759309,9,1.9,10.4230776798272
17,1.9,16.3582412075433,15,1.9,14.8294662919197,13,1.9,13.3293229838445,11,1.9,11.8201862231635,9,1.9,10.3532890257005
17,1.9,16.3901096935948,15,1.9,14.8607948911093,13,1.9,13.3594704176172,11,1.9,11.8467308599494,9,1.9,10.3769150394256
17,1.9,16.456371521233,15,1.9,14.9267221502034,13,1.9,13.4229831120341,11,1.9,11.9098826256937,9,1.9,10.438488000049
17,1.9,16.3779730598357,15,1.9,14.8480224124441,13,1.9,13.3472849996114,11,1.9,11.8368276141279,9,1.9,10.3677196339932
17,1.9,16.4091502620942,15,1.9,14.8792578471339,13,1.9,13.3770877038897,11,1.9,11.863523062435,9,1.9,10.3918712441665
17,1.9,16.4746691361672,15,1.9,14.944176464153,13,1.9,13.439676403041,11,1.9,11.9255982873626,9,1.9,10.4523118430055
17,1.9,16.3960242700135,15,1.9,14.8653843768293,13,1.9,13.3640233627908,11,1.9,11.8528827603465,9,1.9,10.3820512410126
17,1.9,16.4265019142402,15,1.9,14.8959549130254,13,1.9,13.3930255719487,11,1.9,11.8783555802541,9,1.9,10.4047281618376
17,1.9,16.4919300491716,15,1.9,14.9608175676524,13,1.9,13.4555294044205,11,1.9,11.9406401136562,9,1.9,10.4655951150867
17,1.9,16.4129722822721,15,1.9,14.8816151116295,13,1.9,13.3796024305388,11,1.9,11.8672221880001,9,1.9,10.3944380604523
17,1.9,16.4429340472174,15,1.9,14.9121735927598,13,1.9,13.4083296393935,11,1.9,11.8928895817951,9,1.9,10.4176681456764
17,1.9,16.507703749382,15,1.9,14.9760868486215,13,1.9,13.4699451398919,11,1.9,11.9541902705176,9,1.9,10.4774813378062
17,1.9,16.4285106426517,15,1.9,14.8968806712816,13,1.9,13.3941703347607,11,1.9,11.8811207961067,9,1.9,10.4068493354715
17,1.9,16.4578201757502,15,1.9,14.9268413283624,13,1.9,13.422076430416,11,1.9,11.9055922535284,9,1.9,10.4287341256949
17,1.9,16.5225449559699,15,1.9,14.9906834758741,13,1.9,13.4837166188042,11,1.9,11.9671665535085,9,1.9,10.4890091384968
17,1.9,16.4431677666373,15,1.9,14.9112422804576,13,1.9,13.4075806067741,11,1.9,11.8934434183417,9,1.9,10.417494652836
17,1.9,16.4719752058459,15,1.9,14.9412671398008,13,1.9,13.4353187679102,11,1.9,11.9181685710619,9,1.9,10.4400190931106
17,1.9,16.5360469581596,15,1.9,15.0041884965091,13,1.9,13.4961493450214,11,1.9,11.9788580251306,9,1.9,10.4993036561852
17,1.9,16.4565357016765,15,1.9,14.9247160345028,13,1.9,13.4201395907607,11,1.9,11.9055110738333,9,1.9,10.4283802793779
17,1.9,16.484812689509,15,1.9,14.9542262408557,13,1.9,13.4471303478979,11,1.9,11.9291442526983,9,1.9,10.4495511477216
17,1.9,16.5489630097399,15,1.9,15.0170864406014,13,1.9,13.5081514153113,11,1.9,11.9901138937802,9,1.9,10.5093162520538
17,1.9,16.4692353612283,15,1.9,14.937432388706,13,1.9,13.4317720413648,11,1.9,11.916160369276,9,1.9,10.4375341431102
17,1.9,16.4971333753273,15,1.9,14.966971706427,13,1.9,13.4586166856687,11,1.9,11.9401166753515,9,1.9,10.4593638228843
17,1.9,16.5605969277854,15,1.9,15.0289958252208,13,1.9,13.518900277423,11,1.9,12.0002614942884,9,1.9,10.5181702746899
17,1.9,16.4808279720568,15,1.9,14.9494820447269,13,1.9,13.4425984885075,11,1.9,11.9266655444786,9,1.9,10.446951927949
17,1.9,16.5080715445006,15,1.9,14.9784826051911,13,1.9,13.4687991293253,11,1.9,11.9495447246874,9,1.9,10.467548381932
17,1.9,16.5716482941118,15,1.9,15.0404519623303,13,1.9,13.5292327933158,11,1.9,12.0100056817552,9,1.9,10.5268447192325
17,1.9,16.4918773229566,15,1.9,14.9608515751097,13,1.9,13.4527052490277,11,1.9,11.935824871904,9,1.9,10.4547891451441
17,1.9,16.5187296696109,15,1.9,14.9898577214629,13,1.9,13.4787078988108,11,1.9,11.9591130583159,9,1.9,10.4760687199887
17,1.9,16.5817718562647,15,1.9,15.051025386967,13,1.9,13.5385421467896,11,1.9,12.0187845564522,9,1.9,10.5344810655385
17,1.9,16.5017938706941,15,1.9,14.9715553699868,13,1.9,13.4621373949399,11,1.9,11.9449772684103,9,1.9,10.4630243272394
17,1.9,16.5282462740684,15,1.9,14.9999757847189,13,1.9,13.4876031165017,11,1.9,11.967288191841,9,1.9,10.4830984710177
17,1.9,16.5913258818675,15,1.9,15.0611608252512,13,1.9,13.547550360926,11,1.9,12.0272941029236,9,1.9,10.5420051063728
17,1.9,16.5112969648289,15,1.9,14.9815595429101,13,1.9,13.4708575813404,11,1.9,11.9529223268835,9,1.9,10.4697477013883
17,1.9,16.5374400893522,15,1.9,15.0099498388576,13,1.9,13.496180638081,11,1.9,11.9756048842082,9,1.9,10.4905656515579
17,1.9,16.6000220433947,15,1.9,15.0704536267274,13,1.9,13.5555252731357,11,1.9,12.0348363373146,9,1.9,10.5486215999266
17,1.9,16.5200887147218,15,1.9,14.9909949909595,13,1.9,13.4789497846163,11,1.9,11.960828706599,9,1.9,10.4769336970212
17,1.9,16.5457709763753,15,1.9,15.0187690616808,13,1.9,13.503839756917,11,1.9,11.9825937581189,9,1.9,10.4966041041587
17,1.9,16.6084294492261,15,1.9,15.0793027746133,13,1.9,13.563370761925,11,1.9,12.042190636803,9,1.9,10.5551945290677
17,1.9,16.5283355323529,15,1.9,14.9998130939548,13,1.9,13.4864671142604,11,1.9,11.9676044670197,9,1.9,10.4827343257031
17,1.9,16.5538684308477,15,1.9,15.0275481297176,13,1.9,13.5112913970436,11,1.9,11.9897650619278,9,1.9,10.5031429539927
17,1.9,16.6159718554023,15,1.9,15.0874333544277,13,1.9,13.5703151659552,11,1.9,12.0486701638011,9,1.9,10.5609111452058
17,1.9,16.536019651235,15,1.9,15.0080518630768,13,1.9,13.4934885556419,11,1.9,11.9744918777275,9,1.9,10.4890523546179
17,1.9,16.5610010168465,15,1.9,15.0351540141814,13,1.9,13.5178599643366,11,1.9,11.9958038439734,9,1.9,10.5082975235627
17,1.9,16.6232981798222,15,1.9,15.0951905583552,13,1.9,13.5770275056066,11,1.9,12.0550786521497,9,1.9,10.5666355732196
17,1.9,16.5432515421328,15,1.9,15.0157884487444,13,1.9,13.4999122495921,11,1.9,11.9803580117087,9,1.9,10.4940004765283
17,1.9,16.5681802798749,15,1.9,15.0428842061408,13,1.9,13.5242567314097,11,1.9,12.0021438096265,9,1.9,10.5140194660031
17,1.9,16.6299173243699,15,1.9,15.1022969556086,13,1.9,13.5830008595519,11,1.9,12.0607371052484,9,1.9,10.5715352117617
17,1.9,16.5499287132649,15,1.9,15.0229716863428,13,1.9,13.5058583733149,11,1.9,11.9864033615225,9,1.9,10.4995316560352
17,1.9,16.5744479322169,15,1.9,15.0494433046515,13,1.9,13.5298009701238,11,1.9,12.0072805617767,9,1.9,10.5184960383068
17,1.9,16.6363850931579,15,1.9,15.109050645368,13,1.9,13.5887376756606,11,1.9,12.0662983013739,9,1.9,10.5765460060195
17,1.9,16.5564556865931,15,1.9,15.0297400062301,13,1.9,13.5112108283622,11,1.9,11.9914638873792,9,1.9,10.5037800953913
17,1.9,16.5807902550862,15,1.9,15.0561536192185,13,1.9,13.5352517046322,11,1.9,12.0128188144119,9,1.9,10.5234391214725
17,1.9,16.6421724141876,15,1.9,15.1151990478143,13,1.9,13.5937548865865,11,1.9,12.0711792436722,9,1.9,10.580735259621
17,1.9,16.5622354857618,15,1.9,15.0359688979233,13,1.9,13.5160774073697,11,1.9,11.9967031987426,9,1.9,10.508599081255
17,1.9,16.5862505725564,15,1.9,15.0618413603833,13,1.9,13.5398122698064,11,1.9,12.0172521301455,9,1.9,10.5272412750702
17,1.9,16.6478899299953,15,1.9,15.121106801958,13,1.9,13.5986252258453,11,1.9,12.0760306606983,9,1.9,10.5850933460377
17,1.9,16.5680095438346,15,1.9,15.0418324431887,13,1.9,13.5203008277053,11,1.9,12.0010666275113,9,1.9,10.5122040707356
17,1.9,16.5919196747569,15,1.9,15.0676688821734,13,1.9,13.5443364465683,11,1.9,12.0220731457804,9,1.9,10.531677505784
17,1.9,16.6530155520385,15,1.9,15.1264121993997,13,1.9,13.6027427996489,11,1.9,12.0802047402522,9,1.9,10.5887466806904
17,1.9,16.5731871195115,15,1.9,15.0472330425452,13,1.9,13.5243313988224,11,1.9,12.0056307940074,9,1.9,10.5164908180655
17,1.9,16.5967843393645,15,1.9,15.0724965262067,13,1.9,13.5480433563712,11,1.9,12.0258726976333,9,1.9,10.5348942613751
17,1.9,16.6580748803369,15,1.9,15.1315092214514,13,1.9,13.6068247867612,11,1.9,12.0844264861254,9,1.9,10.5925510316305
17,1.9,16.578341885346,15,1.9,15.0523118619085,13,1.9,13.5275990561906,11,1.9,12.0093429277283,9,1.9,10.5195461744517
17,1.9,16.6019158947894,15,1.9,15.0775969117455,13,1.9,13.551733102585,11,1.9,12.0300992930504,9,1.9,10.5387369679039
17,1.9,16.6626339170097,15,1.9,15.1360853149061,13,1.9,13.6101556995407,11,1.9,12.0880236976587,9,1.9,10.5956496877129
17,1.9,16.5830758411698,15,1.9,15.0569927647697,13,1.9,13.5307584306071,11,1.9,12.0133332231639,9,1.9,10.5232795381758
17,1.9,16.6062768677291,15,1.9,15.08178488489,13,1.9,13.5546627025621,11,1.9,12.0333286145998,9,1.9,10.5414897079476
17,1.9,16.6671643084254,15,1.9,15.1405024657727,13,1.9,13.6134768120902,11,1.9,12.0916901958029,9,1.9,10.5989830705827
17,1.9,16.587640347821,15,1.9,15.0614090798183,13,1.9,13.5333639368359,11,1.9,12.0165126047212,9,1.9,10.5258898325345
17,1.9,16.6109176868058,15,1.9,15.0861983375781,13,1.9,13.5577003972732,11,1.9,12.0370180479477,9,1.9,10.5449295290611
17,1.9,16.6712668225743,15,1.9,15.1444878173817,13,1.9,13.6161442505092,11,1.9,12.0947874955433,9,1.9,10.6016836817843
17,1.9,16.5918221116451,15,1.9,15.0654369598588,13,1.9,13.5359081160687,11,1.9,12.0199677515958,9,1.9,10.5292074404088
17,1.9,16.6148784643292,15,1.9,15.0898002221657,13,1.9,13.5599687616236,11,1.9,12.0397518688893,9,1.9,10.5472358600283
17,1.9,16.6754151857103,15,1.9,15.1483445180377,13,1.9,13.6188492622298,11,1.9,12.0980052007415,9,1.9,10.6045934615799
17,1.9,16.5961037816994,15,1.9,15.0693508260516,13,1.9,13.5381570493102,11,1.9,12.0226338108714,9,1.9,10.5314290643053
17,1.9,16.6190495091077,15,1.9,15.0936573498544,13,1.9,13.5624732584095,11,1.9,12.0429726448815,9,1.9,10.5502816071638
17,1.9,16.6790843354552,15,1.9,15.1517841256563,13,1.9,13.6209742095312,11,1.9,12.100635499765,9,1.9,10.6069108836567
17,1.9,16.5998786706472,15,1.9,15.0728634195806,13,1.9,13.5402452781434,11,1.9,12.0255810791946,9,1.9,10.5343896230589
17,1.9,16.6225978242923,15,1.9,15.0967704933842,13,1.9,13.5642774332823,11,1.9,12.0452277513245,9,1.9,10.5522279906778
17,1.9,16.6828538364151,15,1.9,15.155201636514,13,1.9,13.6232070103706,11,1.9,12.1033714918216,9,1.9,10.6094811423242
17,1.9,16.6037455851109,15,1.9,15.0762463467741,13,1.9,13.5422911762171,11,1.9,12.0277092363406,9,1.9,10.5362233515877
17,1.9,16.6263817222215,15,1.9,15.100188094355,13,1.9,13.566372829083,11,1.9,12.0479595451694,9,1.9,10.5548998717343
17,1.9,16.6861792134002,15,1.9,15.1581625737158,13,1.9,13.6249586967407,11,1.9,12.1055564320084,9,1.9,10.6114246887778
17,1.9,16.6071621075302,15,1.9,15.0792931695946,13,1.9,13.5442580839925,11,1.9,12.030116603115,9,1.9,10.538818501436
17,1.9,16.629600109717,15,1.9,15.1027923888064,13,1.9,13.5680478207211,11,1.9,12.0497314828838,9,1.9,10.5565286995494
17,1.9,16.6895979779577,15,1.9,15.161090231124,13,1.9,13.6269548884654,11,1.9,12.1078552707388,9,1.9,10.6136541231703
17,1.9,16.6106965703124,15,1.9,15.0822277659522,13,1.9,13.5461663427138,11,1.9,12.0316951752381,9,1.9,10.540328382151
17,1.9,16.6329833189196,15,1.9,15.1057790239255,13,1.9,13.5699338963939,11,1.9,12.0519717408003,9,1.9,10.5588209274696
17,1.9,16.6924621040051,15,1.9,15.1636493500138,13,1.9,13.6284749772613,11,1.9,12.1095685660265,9,1.9,10.6152910095686
17,1.9,16.6137672365226,15,1.9,15.0848829447115,13,1.9,13.5481275476018,11,1.9,12.0334329959781,9,1.9,10.542664678028
17,1.9,16.6357316464637,15,1.9,15.1080445254555,13,1.9,13.5714776842023,11,1.9,12.0532020454887,9,1.9,10.5602317797521
17,1.9,16.6955360410838,15,1.9,15.1662143989363,13,1.9,13.6303559155622,11,1.9,12.111388144694,9,1.9,10.6172903675715
17,1.9,16.6169758066784,15,1.9,15.0874534521359,13,1.9,13.5498812182443,11,1.9,12.0344300889976,9,1.9,10.5439449133306
17,1.9,16.6387913111827,15,1.9,15.1106813046077,13,1.9,13.5733558026713,11,1.9,12.0549200055217,9,1.9,10.5624124858524
17,1.9,16.6980793708928,15,1.9,15.1684502038997,13,1.9,13.6318457914857,11,1.9,12.1126562159977,9,1.9,10.6187543953054
17,1.9,16.6197481759638,15,1.9,15.0897879473713,13,1.9,13.5518725015916,11,1.9,12.0356445153916,9,1.9,10.5460515216834
17,1.9,16.6412321360107,15,1.9,15.112606267807,13,1.9,13.5748013689229,11,1.9,12.0556457024478,9,1.9,10.5635172910705
17,1.9,16.7008067194945,15,1.9,15.1706984324025,13,1.9,13.6335494239822,11,1.9,12.1140081295345,9,1.9,10.6204808547592
17,1.9,16.622541190055,15,1.9,15.0919735931987,13,1.9,13.5536737972425,11,1.9,12.0360104061134,9,1.9,10.5470753781034
17,1.9,16.6438934824243,15,1.9,15.1148927323542,13,1.9,13.5767108539921,11,1.9,12.0568463520168,9,1.9,10.5654020206509
17,1.9,16.703120255419,15,1.9,15.1725863766479,13,1.9,13.6348970811617,11,1.9,12.1148058919032,9,1.9,10.6216808627119
17,1.9,16.6250266966845,15,1.9,15.0939363635522,13,1.9,13.5554513862941,11,1.9,12.0366513366435,9,1.9,10.5489389600222
17,1.9,16.6459436024403,15,1.9,15.116499441379,13,1.9,13.5780116764864,11,1.9,12.0570587651873,9,1.9,10.5662637777314
17,1.9,16.7054997891305,15,1.9,15.1745210383944,13,1.9,13.636564226368,11,1.9,12.1157134463539,9,1.9,10.6231848526557
17,1.9,16.6275919256292,15,1.9,15.095818862621,13,1.9,13.5571007222657,11,1.9,12.0365421301569,9,1.9,10.5497680603142
17,1.9,16.648484657973,15,1.9,15.1185318864261,13,1.9,13.5798831054028,11,1.9,12.0578025948637,9,1.9,10.5679810504598
17,1.9,16.7075399999648,15,1.9,15.1761685147495,13,1.9,13.6378989171652,11,1.9,12.1160665310887,9,1.9,10.6242128796438
17,1.9,16.6297500932821,15,1.9,15.0975206643907,13,1.9,13.5589214529702,11,1.9,12.0366776584649,9,1.9,10.5514579362656
17,1.9,16.650256401278,15,1.9,15.1198406443222,13,1.9,13.5811308863746,11,1.9,12.0575590710313,9,1.9,10.5687335847746
17,1.9,16.7096110679445,15,1.9,15.1778374844534,13,1.9,13.6394991799591,11,1.9,12.1165209415703,9,1.9,10.6255760262806
17,1.9,16.6319937418142,15,1.9,15.0990772921604,13,1.9,13.5604829735478,11,1.9,12.036097924874,9,1.9,10.5521544992816
17,1.9,16.6523787037565,15,1.9,15.121583626319,13,1.9,13.582751464566,11,1.9,12.057817397807,9,1.9,10.5703376040913
17,1.9,16.7114108764785,15,1.9,15.1791915312543,13,1.9,13.6407392363467,11,1.9,12.1164456538995,9,1.9,10.6264970190618
17,1.9,16.633899298481,15,1.9,15.1004469551965,13,1.9,13.5619925858096,11,1.9,12.0359476495198,9,1.9,10.5536726450163
17,1.9,16.6540233634869,15,1.9,15.1226133084257,13,1.9,13.5839006908285,11,1.9,12.0572825277212,9,1.9,10.5708498829915
17,1.9,16.7132677450597,15,1.9,15.1805825163227,13,1.9,13.6421357947001,11,1.9,12.1165690073692,9,1.9,10.627675285078
17,1.9,16.6358438841031,15,1.9,15.1017072638094,13,1.9,13.5633200203142,11,1.9,12.0350983880231,9,1.9,10.5542135072159
17,1.9,16.656002324687,15,1.9,15.1241135527116,13,1.9,13.5854008537971,11,1.9,12.0573405125188,9,1.9,10.5723088943199
17,1.9,16.714874578772,15,1.9,15.1816718880946,13,1.9,13.6431773834626,11,1.9,12.1162498199725,9,1.9,10.6284203639378
17,1.9,16.6375909332509,15,1.9,15.102867189422,13,1.9,13.564644537543,11,1.9,12.0348695185146,9,1.9,10.555577804423
17,1.9,16.6573758167983,15,1.9,15.124896120234,13,1.9,13.5863612110403,11,1.9,12.0566641969835,9,1.9,10.5727516487667
17,1.9,16.716532124806,15,1.9,15.1828338061396,13,1.9,13.6444902880288,11,1.9,12.1162465861949,9,1.9,10.6295037193401
17,1.9,16.6393275043745,15,1.9,15.1038104914193,13,1.9,13.5657080650397,11,1.9,12.0341360173185,9,1.9,10.5559796962775
17,1.9,16.6591171902078,15,1.9,15.1261365523589,13,1.9,13.5877639613418,11,1.9,12.0566437680381,9,1.9,10.574066819111
17,1.9,16.7178945527956,15,1.9,15.1836977462416,13,1.9,13.6453910995585,11,1.9,12.115779001165,9,1.9,10.6301342986424
17,1.9,16.6408836858336,15,1.9,15.1047423801873,13,1.9,13.5667733596035,11,1.9,12.0340316136967,9,1.9,10.5572695407936
17,1.9,16.6604655271504,15,1.9,15.1267157481251,13,1.9,13.5885245287544,11,1.9,12.0560369005679,9,1.9,10.5743694275407
17,1.9,16.7195423404676,15,1.9,15.184649909372,13,1.9,13.6465869046992,11,1.9,12.1157526216236,9,1.9,10.6310912799367
17,1.9,16.6425596497188,15,1.9,15.1055382677312,13,1.9,13.5676284075238,11,1.9,12.033606354372,9,1.9,10.5575288506202
17,1.9,16.6620352111835,15,1.9,15.127827213089,13,1.9,13.5896659152588,11,1.9,12.0562020217633,9,1.9,10.5755547741878
17,1.9,16.7207263274107,15,1.9,15.185410335622,13,1.9,13.647292449949,11,1.9,12.1154257158945,9,1.9,10.6315980259951
17,1.9,16.6438855356764,15,1.9,15.1063438087865,13,1.9,13.5685111806864,11,1.9,12.0338582301754,9,1.9,10.558722095762
17,1.9,16.663238028765,15,1.9,15.1282765702468,13,1.9,13.5902182330853,11,1.9,12.0557973625552,9,1.9,10.5757162709474
17,1.9,16.7222421063777,15,1.9,15.1862352169507,13,1.9,13.6482507827635,11,1.9,12.1155131284356,9,1.9,10.6324262375264
17,1.9,16.6454786652823,15,1.9,15.1069885221309,13,1.9,13.5692259886893,11,1.9,12.0337932781546,9,1.9,10.5588722588805
17,1.9,16.6647213524449,15,1.9,15.1291995930491,13,1.9,13.5912090793187,11,1.9,12.0562448848233,9,1.9,10.5768496555142
17,1.9,16.7233365336058,15,1.9,15.1868125866463,13,1.9,13.6488359210727,11,1.9,12.1153447945086,9,1.9,10.6328576290377
17,1.9,16.6465908921085,15,1.9,15.1076243360941,13,1.9,13.5698742567566,11,1.9,12.0343901321664,9,1.9,10.5599657032507
17,1.9,16.6656911929205,15,1.9,15.1295148607088,13,1.9,13.5916773898114,11,1.9,12.0561506379156,9,1.9,10.5769827493565
17,1.9,16.7245850256691,15,1.9,15.1874919395424,13,1.9,13.6496746035065,11,1.9,12.1156836716014,9,1.9,10.6336296794778
17,1.9,16.6479252563441,15,1.9,15.1082235495486,13,1.9,13.5703656164154,11,1.9,12.0345916014206,9,1.9,10.5600367613924
17,1.9,16.6669764157365,15,1.9,15.130247756027,13,1.9,13.5924140205835,11,1.9,12.0567929043616,9,1.9,10.5779322597583
17,1.9,16.7254986821926,15,1.9,15.1879097136694,13,1.9,13.6500464775213,11,1.9,12.1157337356984,9,1.9,10.6339185610045
17,1.9,16.6489195706641,15,1.9,15.108760028506,13,1.9,13.5707813471479,11,1.9,12.0354510865691,9,1.9,10.5609921454457
17,1.9,16.6678712118014,15,1.9,15.1304955165623,13,1.9,13.5926794020463,11,1.9,12.0568821238633,9,1.9,10.5779835649209
17,1.9,16.7266752021097,15,1.9,15.1885029394169,13,1.9,13.650690562236,11,1.9,12.1162437114477,9,1.9,10.6345931775129
17,1.9,16.6501142265849,15,1.9,15.109286387409,13,1.9,13.571168419954,11,1.9,12.0358222636243,9,1.9,10.5610387980108
17,1.9,16.6690271805689,15,1.9,15.1311663965264,13,1.9,13.5932298119141,11,1.9,12.0578519535786,9,1.9,10.5788997472769
17,1.9,16.7274500777084,15,1.9,15.1888768524753,13,1.9,13.6509034269294,11,1.9,12.1165381884882,9,1.9,10.6348719853166
17,1.9,16.651056854636,15,1.9,15.1097782769901,13,1.9,13.5714615451237,11,1.9,12.0368622170561,9,1.9,10.5619565472294
17,1.9,16.6697830646289,15,1.9,15.1313781228143,13,1.9,13.5933203919258,11,1.9,12.0580225524233,9,1.9,10.5789270982207
17,1.9,16.728541871866,15,1.9,15.1893919054624,13,1.9,13.6514115438275,11,1.9,12.1171324202685,9,1.9,10.635520057057
17,1.9,16.6521725681265,15,1.9,15.1102491791651,13,1.9,13.5716608475578,11,1.9,12.0373286769866,9,1.9,10.5618999784446
17,1.9,16.6708643383234,15,1.9,15.1320004970982,13,1.9,13.5938580593796,11,1.9,12.0590492171986,9,1.9,10.5797843444457
17,1.9,16.7291959744942,15,1.9,15.1896825083947,13,1.9,13.6515606680263,11,1.9,12.1175389334729,9,1.9,10.6357193876993
17,1.9,16.652917900563,15,1.9,15.1106819575256,13,1.9,13.57204871669,11,1.9,12.0383875725649,9,1.9,10.5627701782337
17,1.9,16.6714914992113,15,1.9,15.1321184227067,13,1.9,13.5939243292668,11,1.9,12.0592856091901,9,1.9,10.5796856241964
17,1.9,16.7301610908822,15,1.9,15.1901311336347,13,1.9,13.652026509099,11,1.9,12.1182178445953,9,1.9,10.636265061166
17,1.9,16.6539421912103,15,1.9,15.111117139671,13,1.9,13.5722497819479,11,1.9,12.0389185800752,9,1.9,10.5626706975821
17,1.9,16.6725657160814,15,1.9,15.132700667855,13,1.9,13.5944299838108,11,1.9,12.0603498927247,9,1.9,10.5805264557459
17,1.9,16.7309048161548,15,1.9,15.1903700935399,13,1.9,13.6521339110081,11,1.9,12.118662215071,9,1.9,10.6364497507713
17,1.9,16.6547086620638,15,1.9,15.1115378110487,13,1.9,13.5726222089378,11,1.9,12.0399757082493,9,1.9,10.5634942915982
17,1.9,16.6731442135181,15,1.9,15.1327554135914,13,1.9,13.5944703460196,11,1.9,12.0607139582142,9,1.9,10.5804263341546
17,1.9,16.7317869070195,15,1.9,15.190758962269,13,1.9,13.6526053112741,11,1.9,12.1194903575664,9,1.9,10.6370018747274
17,1.9,16.6556163117538,15,1.9,15.111887062799,13,1.9,13.5729834806485,11,1.9,12.0405414543688,9,1.9,10.5633282637078
17,1.9,16.6740492780601,15,1.9,15.1332699766624,13,1.9,13.5949959360116,11,1.9,12.061732045926,9,1.9,10.5811595779034
17,1.9,16.732382532599,15,1.9,15.1909485251327,13,1.9,13.6526822187411,11,1.9,12.1198785411131,9,1.9,10.6370734097083
17,1.9,16.6563130666553,15,1.9,15.1122949756792,13,1.9,13.5732796504462,11,1.9,12.0415601523657,9,1.9,10.5640995659882
17,1.9,16.6746491565793,15,1.9,15.1333265896865,13,1.9,13.5950281567472,11,1.9,12.0620910453359,9,1.9,10.5809896040008
17,1.9,16.7332389890492,15,1.9,15.1913379379608,13,1.9,13.6530844737183,11,1.9,12.1207156808056,9,1.9,10.6375471355265
17,1.9,16.6571760221751,15,1.9,15.112601720054,13,1.9,13.573488825114,11,1.9,12.0420663140949,9,1.9,10.5638856737178
17,1.9,16.6755022904529,15,1.9,15.1338991490504,13,1.9,13.5954954146329,11,1.9,12.0631675987092,9,1.9,10.5816714673444
17,1.9,16.7337093372428,15,1.9,15.1915423948071,13,1.9,13.6531809630922,11,1.9,12.1211467244332,9,1.9,10.6375712243439
17,1.9,16.6578213054687,15,1.9,15.1129603831192,13,1.9,13.5739533668963,11,1.9,12.0430145092706,9,1.9,10.5645798636183
17,1.9,16.6760272115251,15,1.9,15.1339130634481,13,1.9,13.5956363257848,11,1.9,12.063412968499,9,1.9,10.5814665582
17,1.9,16.7345320160204,15,1.9,15.1918748569884,13,1.9,13.6536415255464,11,1.9,12.1218933389564,9,1.9,10.6380148393379
17,1.9,16.6585509134206,15,1.9,15.1132961498748,13,1.9,13.5742310495947,11,1.9,12.043463695937,9,1.9,10.5643927573826
17,1.9,16.6767676348944,15,1.9,15.134403784168,13,1.9,13.5961265369057,11,1.9,12.0644201186734,9,1.9,10.5821170551068
17,1.9,16.7348987863686,15,1.9,15.1920321722239,13,1.9,13.6537576795245,11,1.9,12.122310401663,9,1.9,10.6380381239094
17,1.9,16.659082695842,15,1.9,15.11356336501,13,1.9,13.5746793894892,11,1.9,12.0443750653717,9,1.9,10.5650827622699
17,1.9,16.6771720287305,15,1.9,15.134370033316,13,1.9,13.5962545730493,11,1.9,12.0645548070251,9,1.9,10.5819420016581
17,1.9,16.7356346319013,15,1.9,15.1923481554946,13,1.9,13.6542106437916,11,1.9,12.1229623663839,9,1.9,10.6384712209584
17,1.9,16.659797000334,15,1.9,15.1139091807741,13,1.9,13.5750584411267,11,1.9,12.0447021881328,9,1.9,10.564845838767
17,1.9,16.6778788707661,15,1.9,15.1349231536654,13,1.9,13.5967466548996,11,1.9,12.0655371487301,9,1.9,10.5826264997255
17,1.9,16.7360447328337,15,1.9,15.1925321535609,13,1.9,13.6543265039675,11,1.9,12.1233436846744,9,1.9,10.638505463147
17,1.9,16.6602200791916,15,1.9,15.11424687427,13,1.9,13.575380503272,11,1.9,12.0455455232754,9,1.9,10.5655165478713
17,1.9,16.6782758274796,15,1.9,15.1348926927011,13,1.9,13.5968258958315,11,1.9,12.0656558781612,9,1.9,10.582377456824
17,1.9,16.7366925191313,15,1.9,15.1928491020227,13,1.9,13.6547981648086,11,1.9,12.1239963455278,9,1.9,10.6388760964662
17,1.9,16.6608982858614,15,1.9,15.1145214059738,13,1.9,13.5757362502632,11,1.9,12.0458220299811,9,1.9,10.5652021382783
17,1.9,16.678974246072,15,1.9,15.1353705879708,13,1.9,13.5974224061966,11,1.9,12.0665114069044,9,1.9,10.5829692504242
17,1.9,16.7370185465529,15,1.9,15.1929786016462,13,1.9,13.6548911144588,11,1.9,12.1242778974328,9,1.9,10.6388418723096
17,1.9,16.6612678392877,15,1.9,15.114740426786,13,1.9,13.5761270566271,11,1.9,12.046564792809,9,1.9,10.5658475558025
17,1.9,16.6792389518013,15,1.9,15.1353647655023,13,1.9,13.5973780770699,11,1.9,12.0665850916661,9,1.9,10.5826855473434
17,1.9,16.7376219240592,15,1.9,15.1933022393164,13,1.9,13.6552740450385,11,1.9,12.1248702686497,9,1.9,10.6392101100958
17,1.9,16.6618927205086,15,1.9,15.1150520564461,13,1.9,13.5763171482713,11,1.9,12.0467837019304,9,1.9,10.5655462850252
17,1.9,16.6799034853825,15,1.9,15.1358758646021,13,1.9,13.5978561508227,11,1.9,12.0673819357348,9,1.9,10.5833026206891
17,1.9,16.7379040576849,15,1.9,15.1934526176352,13,1.9,13.6553423750738,11,1.9,12.1251095286535,9,1.9,10.6391698074122
17,1.9,16.6621994731851,15,1.9,15.115295033839,13,1.9,13.5765609677991,11,1.9,12.0474536522578,9,1.9,10.5661906292084
17,1.9,16.6801149570723,15,1.9,15.135800220458,13,1.9,13.5978963565314,11,1.9,12.0674468832591,9,1.9,10.5830232434506
17,1.9,16.7384675583772,15,1.9,15.193711826136,13,1.9,13.655788631421,11,1.9,12.1257233598244,9,1.9,10.6395362935305
17,1.9,16.6627661105441,15,1.9,15.1155343092858,13,1.9,13.5768422097098,11,1.9,12.047671853319,9,1.9,10.5658581135235
17,1.9,16.6807264539344,15,1.9,15.1362255055911,13,1.9,13.5983813571819,11,1.9,12.0682483047951,9,1.9,10.5836197507652
17,1.9,16.7386931506816,15,1.9,15.1938189409919,13,1.9,13.6558569651053,11,1.9,12.1259338980499,9,1.9,10.6394753677495
17,1.9,16.6630661567016,15,1.9,15.1157776172356,13,1.9,13.5771040499411,11,1.9,12.0483215250263,9,1.9,10.5664573388294
17,1.9,16.6809202024502,15,1.9,15.1361981958408,13,1.9,13.5984310266649,11,1.9,12.0681813377927,9,1.9,10.5832684969658
17,1.9,16.739227250578,15,1.9,15.1941322449888,13,1.9,13.6562582562323,11,1.9,12.1264081638827,9,1.9,10.6397962942801
17,1.9,16.6635906745549,15,1.9,15.1160141108143,13,1.9,13.5772653486529,11,1.9,12.0484276550944,9,1.9,10.5661379110177
17,1.9,16.6814915981301,15,1.9,15.1366425669485,13,1.9,13.5988112621024,11,1.9,12.0689201146857,9,1.9,10.5838519612391
17,1.9,16.7394030074982,15,1.9,15.1941839255263,13,1.9,13.6562676670533,11,1.9,12.1265803358019,9,1.9,10.6397073177929
17,1.9,16.6638497172867,15,1.9,15.116258285781,13,1.9,13.5774349998471,11,1.9,12.0490210443306,9,1.9,10.5666834376787
17,1.9,16.6816104320415,15,1.9,15.1365369267642,13,1.9,13.5987379077135,11,1.9,12.0688538440725,9,1.9,10.5834516695257
17,1.9,16.7399048104489,15,1.9,15.1944215739967,13,1.9,13.6566036410529,11,1.9,12.1270397072909,9,1.9,10.6399736698207
17,1.9,16.6643146605723,15,1.9,15.1164018757382,13,1.9,13.577457516501,11,1.9,12.049080320521,9,1.9,10.5663500213397
17,1.9,16.6821286997743,15,1.9,15.1369420443739,13,1.9,13.5991220738835,11,1.9,12.0695475411136,9,1.9,10.5840762152122
17,1.9,16.7400434070599,15,1.9,15.1944858666183,13,1.9,13.6565868728847,11,1.9,12.1271775283447,9,1.9,10.6399103670552
17,1.9,16.6645234011011,15,1.9,15.1165818153,13,1.9,13.5776248731748,11,1.9,12.0496558674748,9,1.9,10.5668929387828
17,1.9,16.682255808907,15,1.9,15.1368850607071,13,1.9,13.5990658930469,11,1.9,12.0694664652499,9,1.9,10.583635292281
17,1.9,16.7405040726655,15,1.9,15.1947583419919,13,1.9,13.6569049087996,11,1.9,12.1276381956188,9,1.9,10.6401534577197
17,1.9,16.6649105712964,15,1.9,15.1168026733608,13,1.9,13.5777110508119,11,1.9,12.0496716550109,9,1.9,10.5665161661003
17,1.9,16.6826854922047,15,1.9,15.1372752270343,13,1.9,13.5993334244554,11,1.9,12.0701522417988,9,1.9,10.5842760433688
17,1.9,16.7406564127926,15,1.9,15.1948106529284,13,1.9,13.656814855112,11,1.9,12.1277377695168,9,1.9,10.6400974978317
17,1.9,16.665177654416,15,1.9,15.1169651142072,13,1.9,13.5778118391928,11,1.9,12.0501426066411,9,1.9,10.5670766998121
17,1.9,16.6827649283561,15,1.9,15.1371827957833,13,1.9,13.599254835129,11,1.9,12.0699704797659,9,1.9,10.5838612165002
17,1.9,16.7410690166194,15,1.9,15.1950598821964,13,1.9,13.6570901275423,11,1.9,12.1281240302301,9,1.9,10.6403529058064
17,1.9,16.6656692202064,15,1.9,15.1171976708316,13,1.9,13.5778760834584,11,1.9,12.050150081989,9,1.9,10.5667116764438
17,1.9,16.6833984512655,15,1.9,15.137630984024,13,1.9,13.5994678976838,11,1.9,12.0705593456111,9,1.9,10.5844244411174
17,1.9,16.7412983146785,15,1.9,15.1951104582801,13,1.9,13.6569643494253,11,1.9,12.128151821408,9,1.9,10.6402573506647
17,1.9,16.6658176489009,15,1.9,15.1173112468837,13,1.9,13.5778549391083,11,1.9,12.0505937058392,9,1.9,10.5672462798772
17,1.9,16.6834739972916,15,1.9,15.1374620870801,13,1.9,13.5992764267407,11,1.9,12.0703621814367,9,1.9,10.5840317133694
17,1.9,16.7416702035182,15,1.9,15.1953008985731,13,1.9,13.6571625372229,11,1.9,12.128499162426,9,1.9,10.6405270017859
17,1.9,16.6662123792454,15,1.9,15.1175168091171,13,1.9,13.5779244553785,11,1.9,12.0505360511725,9,1.9,10.5668598529045
17,1.9,16.6839621391177,15,1.9,15.1378507706819,13,1.9,13.5995261487683,11,1.9,12.0709480373534,9,1.9,10.5845354613552
17,1.9,16.7418036540429,15,1.9,15.1953469489779,13,1.9,13.6570381509781,11,1.9,12.1285082612529,9,1.9,10.6403755889342
17,1.9,16.6664310565459,15,1.9,15.1176208034807,13,1.9,13.5778890231257,11,1.9,12.0509073436565,9,1.9,10.5673589066997
17,1.9,16.684002058498,15,1.9,15.1377468154889,13,1.9,13.5993047574875,11,1.9,12.0706958386069,9,1.9,10.5841478629209
17,1.9,16.7421791185463,15,1.9,15.195586114642,13,1.9,13.657218382899,11,1.9,12.1288127560425,9,1.9,10.6406490307974
17,1.9,16.6667143729149,15,1.9,15.1178555562085,13,1.9,13.5779687533919,11,1.9,12.0508045515503,9,1.9,10.5669969011964
17,1.9,16.6843528541017,15,1.9,15.1381596981561,13,1.9,13.5995831652941,11,1.9,12.0712131053694,9,1.9,10.5846853009179
17,1.9,16.7421627934452,15,1.9,15.1956397276805,13,1.9,13.6571036194452,11,1.9,12.1287887635023,9,1.9,10.6405218435885
17,1.9,16.6667711038945,15,1.9,15.1179585635005,13,1.9,13.578019362306,11,1.9,12.0511897975992,9,1.9,10.5675140975572
17,1.9,16.6843807293719,15,1.9,15.1380485414218,13,1.9,13.5994432546991,11,1.9,12.0709430529008,9,1.9,10.5843211615725
17,1.9,16.7425316050221,15,1.9,15.1958830125628,13,1.9,13.6573281765276,11,1.9,12.1290887327176,9,1.9,10.6408066432337
17,1.9,16.6670947949001,15,1.9,15.1181993681062,13,1.9,13.5780925639603,11,1.9,12.0510559226965,9,1.9,10.5671200802711
17,1.9,16.6847404905945,15,1.9,15.1384660633915,13,1.9,13.5996727359464,11,1.9,12.0714482859786,9,1.9,10.584763579741
17,1.9,16.7425980588373,15,1.9,15.1959252681347,13,1.9,13.6571999068723,11,1.9,12.1290323530108,9,1.9,10.6406189005082
17,1.9,16.6671935550259,15,1.9,15.1182942204263,13,1.9,13.5781786312947,11,1.9,12.0514315476796,9,1.9,10.5676505154857
17,1.9,16.6847608199341,15,1.9,15.1382840672304,13,1.9,13.5994691568463,11,1.9,12.0711817429322,9,1.9,10.5844394398263
17,1.9,16.7429061772699,15,1.9,15.1961352091986,13,1.9,13.657375878813,11,1.9,12.1293140334972,9,1.9,10.6409180059802
17,1.9,16.6675200243514,15,1.9,15.1184404952584,13,1.9,13.578175850464,11,1.9,12.0512376414605,9,1.9,10.5672647460534
17,1.9,16.6851658391569,15,1.9,15.1386445522225,13,1.9,13.5998107293468,11,1.9,12.0716714080382,9,1.9,10.584927701368
17,1.9,16.7429324556845,15,1.9,15.1961021081634,13,1.9,13.6572696273087,11,1.9,12.1292545633231,9,1.9,10.6407602595025
17,1.9,16.6675852653717,15,1.9,15.1185758838443,13,1.9,13.5782705195657,11,1.9,12.0515646709646,9,1.9,10.5677624760153
17,1.9,16.6851572498423,15,1.9,15.1384804552755,13,1.9,13.5995756847869,11,1.9,12.0713841702877,9,1.9,10.5845437047527
17,1.9,16.7432942667313,15,1.9,15.1963099001452,13,1.9,13.6574839594708,11,1.9,12.129522512227,9,1.9,10.6410223043081
17,1.9,16.6678822260708,15,1.9,15.1186480210721,13,1.9,13.5782684747271,11,1.9,12.0514370616998,9,1.9,10.5673591000234
17,1.9,16.6854915464428,15,1.9,15.1388250820963,13,1.9,13.5999135073125,11,1.9,12.0718579854229,9,1.9,10.5849924817684
17,1.9,16.7433266513951,15,1.9,15.1962693748073,13,1.9,13.6573644254977,11,1.9,12.1294558513811,9,1.9,10.6408445611062
17,1.9,16.6679661776041,15,1.9,15.1187343133347,13,1.9,13.5784155012913,11,1.9,12.0517454285021,9,1.9,10.5678486977024
17,1.9,16.685511400747,15,1.9,15.1386514255099,13,1.9,13.5997511032617,11,1.9,12.0715998281476,9,1.9,10.5846112521061
17,1.9,16.7436172864365,15,1.9,15.1964754923932,13,1.9,13.6576432487477,11,1.9,12.1297356570776,9,1.9,10.6410774412334
17,1.9,16.6683045474979,15,1.9,15.1188474007234,13,1.9,13.5785770448737,11,1.9,12.0516195096699,9,1.9,10.5673776578775
17,1.9,16.6857661099415,15,1.9,15.1390139200398,13,1.9,13.6000616577805,11,1.9,12.0720069323285,9,1.9,10.5850860140051
17,1.9,16.7435795894877,15,1.9,15.1964532084437,13,1.9,13.6575400809017,11,1.9,12.1295928347621,9,1.9,10.6409074315137
17,1.9,16.6682929815858,15,1.9,15.1189932818802,13,1.9,13.5786270908207,11,1.9,12.0518632077297,9,1.9,10.5678785010464
17,1.9,16.6857255014348,15,1.9,15.1388264450478,13,1.9,13.599945113369,11,1.9,12.0716624042139,9,1.9,10.5846307943292
17,1.9,16.7438338338834,15,1.9,15.1966016423087,13,1.9,13.6577766706512,11,1.9,12.1298054995155,9,1.9,10.6410920680392
17,1.9,16.6684451808931,15,1.9,15.1190523019515,13,1.9,13.5787092664649,11,1.9,12.0516559476541,9,1.9,10.5673872590512
17,1.9,16.685985819843,15,1.9,15.1391842328365,13,1.9,13.6001650780001,11,1.9,12.0721017418065,9,1.9,10.585099649115
17,1.9,16.7437542600193,15,1.9,15.1966146058198,13,1.9,13.6576070341984,11,1.9,12.1296938405078,9,1.9,10.6409236373141
17,1.9,16.668441960926,15,1.9,15.1191465449906,13,1.9,13.578799163462,11,1.9,12.0519352088273,9,1.9,10.5678879149425
17,1.9,16.6859476080469,15,1.9,15.1390324225346,13,1.9,13.6000121083263,11,1.9,12.0717598127331,9,1.9,10.5846636374319
17,1.9,16.74403363953,15,1.9,15.1967805932404,13,1.9,13.6578223437271,11,1.9,12.1298922079151,9,1.9,10.6411530702814
17,1.9,16.6687640270408,15,1.9,15.1192465484879,13,1.9,13.5787081996936,11,1.9,12.0516876604782,9,1.9,10.5674806759529
17,1.9,16.6862167381645,15,1.9,15.1393475752172,13,1.9,13.6002393568191,11,1.9,12.0721418452783,9,1.9,10.5851576187498
17,1.9,16.7440062703099,15,1.9,15.1967504736692,13,1.9,13.6576929111675,11,1.9,12.1297586509362,9,1.9,10.6409725884086
17,1.9,16.6686816020612,15,1.9,15.1193106537086,13,1.9,13.57889705174,11,1.9,12.051950513892,9,1.9,10.5679430447767
17,1.9,16.686149603232,15,1.9,15.1391305200195,13,1.9,13.6000994511986,11,1.9,12.0718252821359,9,1.9,10.5847158803558
17,1.9,16.7442367220029,15,1.9,15.1969088804249,13,1.9,13.6579151516315,11,1.9,12.1299895787207,9,1.9,10.6411912027291
17,1.9,16.6689239441359,15,1.9,15.1194525040413,13,1.9,13.578883264387,11,1.9,12.051765050609,9,1.9,10.5674831136999
17,1.9,16.6864369861848,15,1.9,15.1395323976131,13,1.9,13.600313103167,11,1.9,12.0722403498832,9,1.9,10.5851724971195
17,1.9,16.7441864981057,15,1.9,15.1969501759211,13,1.9,13.6577665757065,11,1.9,12.1298592930429,9,1.9,10.6409981871241
17,1.9,16.6689090819605,15,1.9,15.119611023602,13,1.9,13.5788844390661,11,1.9,12.0519987266719,9,1.9,10.5679677773317
17,1.9,16.6863601431588,15,1.9,15.1393875259758,13,1.9,13.6001229041961,11,1.9,12.0718847978401,9,1.9,10.5847538457651
17,1.9,16.7444299653893,15,1.9,15.1971259755784,13,1.9,13.6579642181814,11,1.9,12.1300381754182,9,1.9,10.6412251619525
17,1.9,16.6690932802948,15,1.9,15.1196738791504,13,1.9,13.5788410114571,11,1.9,12.0518019463738,9,1.9,10.567549569478
17,1.9,16.6866612300949,15,1.9,15.1397237220452,13,1.9,13.6003973279379,11,1.9,12.0723092758974,9,1.9,10.5851857201952
17,1.9,16.7444159844313,15,1.9,15.1971110303499,13,1.9,13.657854397608,11,1.9,12.1299333056558,9,1.9,10.6410266454943
17,1.9,16.6690976262663,15,1.9,15.1197176531519,13,1.9,13.5789571758379,11,1.9,12.0520495985019,9,1.9,10.5680384687482
17,1.9,16.6865729718274,15,1.9,15.1395011470086,13,1.9,13.6002150229776,11,1.9,12.0719640455769,9,1.9,10.5848243101194
17,1.9,16.7446569770573,15,1.9,15.1972463385358,13,1.9,13.6580535447641,11,1.9,12.1301389910467,9,1.9,10.6412775797415
17,1.9,16.6693388372653,15,1.9,15.1198139889805,13,1.9,13.5789204497128,11,1.9,12.0518405995489,9,1.9,10.5675719320718
17,1.9,16.6868684683269,15,1.9,15.1398527680559,13,1.9,13.6004816814916,11,1.9,12.0723344833232,9,1.9,10.5852651438473
17,1.9,16.7445992833771,15,1.9,15.1972469079297,13,1.9,13.6579313921309,11,1.9,12.1299934544445,9,1.9,10.6410883188986
17,1.9,16.6693865922367,15,1.9,15.1198467171764,13,1.9,13.5789932168128,11,1.9,12.0520930356095,9,1.9,10.5680477784679
17,1.9,16.6867731545066,15,1.9,15.1396435346608,13,1.9,13.6003257972728,11,1.9,12.0719598566466,9,1.9,10.5848171998713
17,1.9,16.7448372360903,15,1.9,15.1973728764435,13,1.9,13.6581316584357,11,1.9,12.1301589336438,9,1.9,10.6412767348454
17,1.9,16.669532462033,15,1.9,15.1199563731801,13,1.9,13.578947255243,11,1.9,12.051847560087,9,1.9,10.5675708732396
17,1.9,16.6869952294868,15,1.9,15.1399867392389,13,1.9,13.6004844866462,11,1.9,12.0723214171989,9,1.9,10.5852597886159
17,1.9,16.7447669335761,15,1.9,15.1973679939991,13,1.9,13.6579532853858,11,1.9,12.1299650481787,9,1.9,10.6410749150096
17,1.9,16.6694820989079,15,1.9,15.1199994873195,13,1.9,13.5790104978939,11,1.9,12.0520444714791,9,1.9,10.5680542798545
17,1.9,16.6868825153993,15,1.9,15.1397791578382,13,1.9,13.600318810322,11,1.9,12.0719380577628,9,1.9,10.584833247305
17,1.9,16.744961807148,15,1.9,15.1975507363356,13,1.9,13.6581451781937,11,1.9,12.130119646304,9,1.9,10.6413045509817
17,1.9,16.6696729393891,15,1.9,15.1200994307567,13,1.9,13.5790290411466,11,1.9,12.0517821721157,9,1.9,10.5675958061001
17,1.9,16.6871220657138,15,1.9,15.1401021390132,13,1.9,13.6005058977565,11,1.9,12.0723140939502,9,1.9,10.5852847649658
17,1.9,16.7448740560913,15,1.9,15.1974736902412,13,1.9,13.6579767615948,11,1.9,12.1299676826953,9,1.9,10.6411056697118
17,1.9,16.6695909985915,15,1.9,15.1201607087776,13,1.9,13.5790490511699,11,1.9,12.05200706395,9,1.9,10.5680808586018
17,1.9,16.6870191332183,15,1.9,15.1398462488921,13,1.9,13.6003467501019,11,1.9,12.0719017796052,9,1.9,10.5848144313637
17,1.9,16.7450806655991,15,1.9,15.1975614356814,13,1.9,13.6581724185074,11,1.9,12.1301046749736,9,1.9,10.6412876060894
17,1.9,16.6697576160187,15,1.9,15.1201664867756,13,1.9,13.5790278892378,11,1.9,12.0517076736421,9,1.9,10.5675771158244
17,1.9,16.6872444642912,15,1.9,15.1401601271886,13,1.9,13.6005088374383,11,1.9,12.0722338595002,9,1.9,10.5852670265703
17,1.9,16.7449948272316,15,1.9,15.1975416227172,13,1.9,13.6579799150511,11,1.9,12.1299001508615,9,1.9,10.6410924151895
17,1.9,16.6697824271248,15,1.9,15.1202372910755,13,1.9,13.5790477242703,11,1.9,12.0519337405691,9,1.9,10.5680569701559
17,1.9,16.6871861814951,15,1.9,15.1400032254633,13,1.9,13.6003459453628,11,1.9,12.0718397463542,9,1.9,10.5848171738195
17,1.9,16.7452290973935,15,1.9,15.1977245272517,13,1.9,13.6581604558172,11,1.9,12.1300405104255,9,1.9,10.641311473834
17,1.9,16.6699488856956,15,1.9,15.1203529790389,13,1.9,13.5789329439119,11,1.9,12.0516374490045,9,1.9,10.5675865221284
17,1.9,16.6873993081965,15,1.9,15.1403315219546,13,1.9,13.6005989237423,11,1.9,12.0721829867533,9,1.9,10.5852802477116
17,1.9,16.7451413837262,15,1.9,15.1977029620421,13,1.9,13.6580314606383,11,1.9,12.1298506212882,9,1.9,10.6411062868899
17,1.9,16.6699262831399,15,1.9,15.1203956526571,13,1.9,13.5790614836808,11,1.9,12.0518539764561,9,1.9,10.5680461023774
17,1.9,16.6873073748124,15,1.9,15.1401189910695,13,1.9,13.6004033408045,11,1.9,12.0717903714511,9,1.9,10.5848408368542
17,1.9,16.7452864220469,15,1.9,15.1978479941181,13,1.9,13.658244180006,11,1.9,12.1300050591471,9,1.9,10.6413386300616
17,1.9,16.6700429327125,15,1.9,15.1204798028414,13,1.9,13.5791191315274,11,1.9,12.051579798606,9,1.9,10.5676000897622
17,1.9,16.6875359029469,15,1.9,15.1404586294396,13,1.9,13.6006601384371,11,1.9,12.0721347541241,9,1.9,10.585298371898
17,1.9,16.7452220735075,15,1.9,15.1978206885065,13,1.9,13.6580810186663,11,1.9,12.1298044640306,9,1.9,10.6411214269107
17,1.9,16.6699918892798,15,1.9,15.1204934242877,13,1.9,13.5791376139026,11,1.9,12.0517456843804,9,1.9,10.5680305012049
17,1.9,16.6873819647274,15,1.9,15.1402049054644,13,1.9,13.6004429284918,11,1.9,12.0717205884824,9,1.9,10.5848264455037
17,1.9,16.7454222297279,15,1.9,15.1979095319269,13,1.9,13.6582715094263,11,1.9,12.1299533234517,9,1.9,10.6413332111252
17,1.9,16.6701979163919,15,1.9,15.1205352158177,13,1.9,13.5791725811981,11,1.9,12.0514901414656,9,1.9,10.5675615470173
17,1.9,16.6876167721081,15,1.9,15.1405266633389,13,1.9,13.6007536737382,11,1.9,12.0720884175191,9,1.9,10.5852447553799
17,1.9,16.7453444371691,15,1.9,15.1978785425058,13,1.9,13.6581637986135,11,1.9,12.1297626557448,9,1.9,10.6411013142587
17,1.9,16.6700767839563,15,1.9,15.1206337668848,13,1.9,13.5792091217956,11,1.9,12.0517298975263,9,1.9,10.5680138413326
17,1.9,16.6874847650546,15,1.9,15.1403137795699,13,1.9,13.6005410218716,11,1.9,12.071688504649,9,1.9,10.5848354976605
17,1.9,16.7455066634768,15,1.9,15.1980195331626,13,1.9,13.6583515008428,11,1.9,12.1299195367824,9,1.9,10.641339848842
17,1.9,16.6702055931603,15,1.9,15.1206858505375,13,1.9,13.579284302576,11,1.9,12.0514360843543,9,1.9,10.5675638922081
17,1.9,16.6876664428986,15,1.9,15.1406011615067,13,1.9,13.6007152215661,11,1.9,12.072043084843,9,1.9,10.5852708629853
17,1.9,16.7453460891952,15,1.9,15.1979782325265,13,1.9,13.6581638807356,11,1.9,12.1297183911193,9,1.9,10.6411219173133
17,1.9,16.6701051356532,15,1.9,15.1207404626324,13,1.9,13.5792736499204,11,1.9,12.0516723279656,9,1.9,10.5679741837157
17,1.9,16.6874813661511,15,1.9,15.1404488733358,13,1.9,13.6005590011957,11,1.9,12.0716126368132,9,1.9,10.5847746037784
17,1.9,16.7455080296559,15,1.9,15.1981898563499,13,1.9,13.6583657671829,11,1.9,12.1298476390814,9,1.9,10.6412910107424
17,1.9,16.6701952065649,15,1.9,15.1208128800488,13,1.9,13.5792031933602,11,1.9,12.0513534519243,9,1.9,10.5674175240577
17,1.9,16.6876386473249,15,1.9,15.1407773993267,13,1.9,13.6007435531589,11,1.9,12.0719753832208,9,1.9,10.5851568253743
17,1.9,16.7453725333473,15,1.9,15.1981174277335,13,1.9,13.6582026324649,11,1.9,12.129662235968,9,1.9,10.641044874291
17,1.9,16.6701245783006,15,1.9,15.1208548194717,13,1.9,13.5793640510823,11,1.9,12.0515649071886,9,1.9,10.5678102605849
17,1.9,16.6874965165283,15,1.9,15.1405605811916,13,1.9,13.6005886270046,11,1.9,12.0715586633355,9,1.9,10.584631443374
17,1.9,16.7455236345734,15,1.9,15.1982580605948,13,1.9,13.6583854031091,11,1.9,12.129805753253,9,1.9,10.6411873717986
17,1.9,16.670221035927,15,1.9,15.1209141034292,13,1.9,13.5793315081924,11,1.9,12.0513090920979,9,1.9,10.5672431425954
17,1.9,16.687596570841,15,1.9,15.1408541094195,13,1.9,13.600758458838,11,1.9,12.0719105888033,9,1.9,10.5850358766801
17,1.9,16.7453927242009,15,1.9,15.1981921163287,13,1.9,13.6581866524064,11,1.9,12.1296097315238,9,1.9,10.6409366610451
17,1.9,16.670166294273,15,1.9,15.120986024162,13,1.9,13.5792895236554,11,1.9,12.0515286261409,9,1.9,10.5675756023162
17,1.9,16.6875260634312,15,1.9,15.1406157304604,13,1.9,13.6005682640351,11,1.9,12.0714760418675,9,1.9,10.5844448625483
17,1.9,16.7455637552663,15,1.9,15.1983115260935,13,1.9,13.6583628599673,11,1.9,12.1297426140538,9,1.9,10.6410508007608
17,1.9,16.6703030308235,15,1.9,15.1210010582308,13,1.9,13.5793244736783,11,1.9,12.0512228296502,9,1.9,10.5670484892959
17,1.9,16.6877948362772,15,1.9,15.1409124635919,13,1.9,13.6007628717129,11,1.9,12.0718917123935,9,1.9,10.584831041806
17,1.9,16.7455002728818,15,1.9,15.1982645076815,13,1.9,13.6581893635023,11,1.9,12.1295680166229,9,1.9,10.6407740561449
17,1.9,16.6702559767468,15,1.9,15.1210049910267,13,1.9,13.5793555741648,11,1.9,12.0514558047872,9,1.9,10.5672833319161
17,1.9,16.6875907202054,15,1.9,15.1406732041491,13,1.9,13.6005862752516,11,1.9,12.0714739064069,9,1.9,10.5842589055653
17,1.9,16.7456514508639,15,1.9,15.1984149989177,13,1.9,13.6583706313967,11,1.9,12.1297383267433,9,1.9,10.6408776881053
17,1.9,16.6703601995488,15,1.9,15.1210687391772,13,1.9,13.5793436102669,11,1.9,12.05120231655,9,1.9,10.5666338209844
17,1.9,16.6878273755563,15,1.9,15.140982574284,13,1.9,13.6007706227417,11,1.9,12.0718565333928,9,1.9,10.5844770020597
17,1.9,16.745484867308,15,1.9,15.1983230958689,13,1.9,13.6581948820177,11,1.9,12.1295573451801,9,1.9,10.6404991811231
17,1.9,16.6703531274885,15,1.9,15.1211050722459,13,1.9,13.5793393889978,11,1.9,12.0514546614549,9,1.9,10.5668572603656
17,1.9,16.6876984968823,15,1.9,15.1407319268999,13,1.9,13.6005757573463,11,1.9,12.071480752142,9,1.9,10.5838218977896
17,1.9,16.7457066629404,15,1.9,15.1984375429078,13,1.9,13.6583664273515,11,1.9,12.1297392714542,9,1.9,10.6405553140901
17,1.9,16.6704303246312,15,1.9,15.1211075357352,13,1.9,13.5793292237053,11,1.9,12.05118993536,9,1.9,10.5661919897822
17,1.9,16.6878723363067,15,1.9,15.1410052193054,13,1.9,13.600768296132,11,1.9,12.0718347685224,9,1.9,10.5841520651399
17,1.9,16.7455914233704,15,1.9,15.1983195655309,13,1.9,13.6582003159,11,1.9,12.1295439350787,9,1.9,10.6402108151868
17,1.9,16.6703465320389,15,1.9,15.1210822410016,13,1.9,13.579276499571,11,1.9,12.0513982356566,9,1.9,10.566344541062
17,1.9,16.687688997573,15,1.9,15.1407440761995,13,1.9,13.6005692576387,11,1.9,12.0714063326231,9,1.9,10.5834562640056
17,1.9,16.7457300018173,15,1.9,15.1984378017098,13,1.9,13.6583710952986,11,1.9,12.1296773937695,9,1.9,10.6402509864493
17,1.9,16.6704645829959,15,1.9,15.1211412590691,13,1.9,13.5793278398183,11,1.9,12.0511097222162,9,1.9,10.5656013694709
17,1.9,16.6878803929893,15,1.9,15.1410492197258,13,1.9,13.6008773485242,11,1.9,12.0717278778716,9,1.9,10.5836555206043
17,1.9,16.7455680251947,15,1.9,15.1983819865348,13,1.9,13.658313625884,11,1.9,12.1294519414985,9,1.9,10.6398127232594
17,1.9,16.6703425316778,15,1.9,15.1211894714494,13,1.9,13.5793803238964,11,1.9,12.0513252457761,9,1.9,10.5657057331811
17,1.9,16.6877270839307,15,1.9,15.1407842163698,13,1.9,13.6006570672777,11,1.9,12.0713623122894,9,1.9,10.5829187984512
17,1.9,16.7457421908879,15,1.9,15.1984756188436,13,1.9,13.6584523119874,11,1.9,12.1296285466377,9,1.9,10.6397979554424
17,1.9,16.6705101984681,15,1.9,15.1211465201122,13,1.9,13.5793975028612,11,1.9,12.0510547349049,9,1.9,10.5648946339828
17,1.9,16.6879353591331,15,1.9,15.1410544105451,13,1.9,13.6009213830393,11,1.9,12.0717414611002,9,1.9,10.5830925281066
17,1.9,16.7456569162125,15,1.9,15.1983840056569,13,1.9,13.6583280850173,11,1.9,12.1294337872212,9,1.9,10.6393283139568
17,1.9,16.6704185346655,15,1.9,15.1211396505555,13,1.9,13.5793953238366,11,1.9,12.0512851194178,9,1.9,10.5649317624963
17,1.9,16.6877536124934,15,1.9,15.1408250916936,13,1.9,13.6007170118223,11,1.9,12.0713156201852,9,1.9,10.5822842710137
17,1.9,16.7457689848051,15,1.9,15.1985473148551,13,1.9,13.6585088805343,11,1.9,12.1295750729279,9,1.9,10.6392903031788
17,1.9,16.6704673836307,15,1.9,15.1212377771684,13,1.9,13.5793422527654,11,1.9,12.0509883362183,9,1.9,10.5641093966415
17,1.9,16.6879507809385,15,1.9,15.1411326909708,13,1.9,13.6008613080213,11,1.9,12.0716930006983,9,1.9,10.5824178676925
17,1.9,16.7456634517686,15,1.9,15.198444479065,13,1.9,13.6583140820967,11,1.9,12.12939647547,9,1.9,10.6387960356228
17,1.9,16.6704842903485,15,1.9,15.1212104086162,13,1.9,13.5793859535227,11,1.9,12.0512072274388,9,1.9,10.5640913205556
17,1.9,16.6878169466158,15,1.9,15.1408837114833,13,1.9,13.6006927321327,11,1.9,12.0712805181082,9,1.9,10.5816282101961
17,1.9,16.7458069154393,15,1.9,15.1985655048715,13,1.9,13.6584927748243,11,1.9,12.1295627785865,9,1.9,10.63872743676
17,1.9,16.6705318288273,15,1.9,15.1212525623693,13,1.9,13.5793187435061,11,1.9,12.0509933276826,9,1.9,10.563199600583
17,1.9,16.6879325523186,15,1.9,15.141154800342,13,1.9,13.6008561893254,11,1.9,12.0716543161941,9,1.9,10.5815974438954
17,1.9,16.7456548364034,15,1.9,15.1984882156759,13,1.9,13.658305297974,11,1.9,12.1293803446401,9,1.9,10.6381238949469
17,1.9,16.670418610126,15,1.9,15.121262088321,13,1.9,13.579407112986,11,1.9,12.0512222772524,9,1.9,10.5631596986911
17,1.9,16.687811349399,15,1.9,15.1409349914325,13,1.9,13.6006727819093,11,1.9,12.0712646779097,9,1.9,10.5807646229443
17,1.9,16.7458236274966,15,1.9,15.1986085177103,13,1.9,13.6584964446718,11,1.9,12.1295307457707,9,1.9,10.6380112828194
17,1.9,16.6705404605064,15,1.9,15.1212899219965,13,1.9,13.5794135425215,11,1.9,12.0509541720196,9,1.9,10.5622053744303
17,1.9,16.6879556491566,15,1.9,15.1411888318101,13,1.9,13.6008746100321,11,1.9,12.0715956472227,9,1.9,10.5808164070545
17,1.9,16.7456315229289,15,1.9,15.1985228516028,13,1.9,13.6583634725042,11,1.9,12.1293069756187,9,1.9,10.6374320073209
17,1.9,16.6704972809296,15,1.9,15.1212723800961,13,1.9,13.5794723385656,11,1.9,12.0511536264612,9,1.9,10.5621308647371
17,1.9,16.6878081271511,15,1.9,15.1409186942488,13,1.9,13.600704480376,11,1.9,12.0711723471497,9,1.9,10.5798603193136
17,1.9,16.7458144193464,15,1.9,15.1986060971542,13,1.9,13.6584969519369,11,1.9,12.1294478049755,9,1.9,10.6372606628164
17,1.9,16.6705209530518,15,1.9,15.1213292949682,13,1.9,13.5794134351683,11,1.9,12.0508487008499,9,1.9,10.561145977605
17,1.9,16.6880272441605,15,1.9,15.141225618403,13,1.9,13.6008874285619,11,1.9,12.0715457938509,9,1.9,10.5798726963154
17,1.9,16.7457230301877,15,1.9,15.1985392291223,13,1.9,13.6583225238796,11,1.9,12.1292434427728,9,1.9,10.636616840577
17,1.9,16.6704714190544,15,1.9,15.1212903141694,13,1.9,13.5794675005344,11,1.9,12.0510978805713,9,1.9,10.5610256852046
17,1.9,16.6878650676012,15,1.9,15.1409111560059,13,1.9,13.6006971061843,11,1.9,12.0711230230737,9,1.9,10.5789235029515
17,1.9,16.7458604786683,15,1.9,15.1986176690816,13,1.9,13.6585005041517,11,1.9,12.1294022416961,9,1.9,10.6364190124885
17,1.9,16.670538835968,15,1.9,15.121302440816,13,1.9,13.5794017086492,11,1.9,12.0508170822029,9,1.9,10.5600099481616
17,1.9,16.6879751480805,15,1.9,15.1411769236479,13,1.9,13.6008688922765,11,1.9,12.0714900470966,9,1.9,10.578881568217
17,1.9,16.7457024465319,15,1.9,15.1984982619792,13,1.9,13.6582965225786,11,1.9,12.1292231371637,9,1.9,10.6357390006911
17,1.9,16.6705612410176,15,1.9,15.1213213806249,13,1.9,13.5793986934107,11,1.9,12.0510666196203,9,1.9,10.5598765189461
17,1.9,16.6878559067952,15,1.9,15.1408998843768,13,1.9,13.6006457965111,11,1.9,12.0710518705153,9,1.9,10.5778936869299
17,1.9,16.7458681254046,15,1.9,15.1985707680369,13,1.9,13.6584452087636,11,1.9,12.1293480981961,9,1.9,10.6355165317905
17,1.9,16.6705818542415,15,1.9,15.1212702300642,13,1.9,13.5793791568934,11,1.9,12.0507676833846,9,1.9,10.558860921045
17,1.9,16.6880555670145,15,1.9,15.1411600813832,13,1.9,13.6008308480967,11,1.9,12.0714946450788,9,1.9,10.5778835691678
17,1.9,16.7457368901959,15,1.9,15.1985010422627,13,1.9,13.6582550074127,11,1.9,12.1291950907917,9,1.9,10.634862379154
17,1.9,16.6705711404874,15,1.9,15.1213128839099,13,1.9,13.5793317166526,11,1.9,12.0510272895343,9,1.9,10.558754258831
17,1.9,16.6878463801858,15,1.9,15.1408971537212,13,1.9,13.6006352434877,11,1.9,12.0710288346982,9,1.9,10.5769241151894
17,1.9,16.7458452104153,15,1.9,15.1985902921214,13,1.9,13.6584193639067,11,1.9,12.129310451843,9,1.9,10.6346582288705
17,1.9,16.6705631727442,15,1.9,15.121278678136,13,1.9,13.579259150316,11,1.9,12.0507211889564,9,1.9,10.5577703504997
17,1.9,16.6879601598393,15,1.9,15.1411692980001,13,1.9,13.6008027557508,11,1.9,12.0713613642184,9,1.9,10.576896322958
17,1.9,16.7456953150013,15,1.9,15.1985002201431,13,1.9,13.6582357118186,11,1.9,12.1290810936149,9,1.9,10.6339893814594
17,1.9,16.6704552359095,15,1.9,15.1212835795121,13,1.9,13.5793666186286,11,1.9,12.0509196400078,9,1.9,10.5576840874138
17,1.9,16.6878133647232,15,1.9,15.1409624195206,13,1.9,13.6006350759063,11,1.9,12.0709611414702,9,1.9,10.5759547821735
17,1.9,16.7458341157034,15,1.9,15.1986418111529,13,1.9,13.658427524187,11,1.9,12.1292622243819,9,1.9,10.6337770324933
17,1.9,16.6706612864917,15,1.9,15.1213808734382,13,1.9,13.5793512664068,11,1.9,12.0506834657395,9,1.9,10.5567034237645
17,1.9,16.6880212041408,15,1.9,15.1412527495852,13,1.9,13.6008141325336,11,1.9,12.0713964307888,9,1.9,10.5759070748231
17,1.9,16.7457274179835,15,1.9,15.1985746124383,13,1.9,13.6582542192336,11,1.9,12.1291137738862,9,1.9,10.633115080167
17,1.9,16.6705492727539,15,1.9,15.1214071164723,13,1.9,13.5793361372329,11,1.9,12.0508883390275,9,1.9,10.5566383430246
17,1.9,16.6878071493379,15,1.9,15.1409815683763,13,1.9,13.6006290973517,11,1.9,12.070962249881,9,1.9,10.5750204648093
17,1.9,16.745842966356,15,1.9,15.1986429825278,13,1.9,13.6584164176679,11,1.9,12.1292695234622,9,1.9,10.6329467058849
17,1.9,16.6705571192478,15,1.9,15.1213469557808,13,1.9,13.5793707989277,11,1.9,12.0506867059101,9,1.9,10.5557054502642
17,1.9,16.6880368997639,15,1.9,15.1412322369467,13,1.9,13.6009018554911,11,1.9,12.0713594853279,9,1.9,10.5749870490437
17,1.9,16.7457375933498,15,1.9,15.1985562074841,13,1.9,13.6582988830177,11,1.9,12.1290887348405,9,1.9,10.6322894648549
17,1.9,16.6704863290329,15,1.9,15.1214012077506,13,1.9,13.5794373326419,11,1.9,12.0509123145618,9,1.9,10.5556567185448
17,1.9,16.6877990773427,15,1.9,15.1409640364662,13,1.9,13.6006960687413,11,1.9,12.0709726096577,9,1.9,10.5741515020077
17,1.9,16.7458588083753,15,1.9,15.1986275816831,13,1.9,13.6585294365904,11,1.9,12.1292483932227,9,1.9,10.6321254422132
17,1.9,16.6706103016047,15,1.9,15.1213407328173,13,1.9,13.5794526260948,11,1.9,12.0506409752101,9,1.9,10.5547026416515
17,1.9,16.6880396782971,15,1.9,15.1412288948331,13,1.9,13.6008805143137,11,1.9,12.07133701527,9,1.9,10.5740735996154
17,1.9,16.7457599466346,15,1.9,15.1985525641647,13,1.9,13.6583800141448,11,1.9,12.1290522667402,9,1.9,10.631443560512
17,1.9,16.670532115298,15,1.9,15.1213282304521,13,1.9,13.5794621695814,11,1.9,12.0508597030165,9,1.9,10.5546856680944
17,1.9,16.6879212180391,15,1.9,15.1409341539051,13,1.9,13.600685701334,11,1.9,12.0709341566801,9,1.9,10.5732080037489
17,1.9,16.7459361492126,15,1.9,15.1986234924114,13,1.9,13.6585082717892,11,1.9,12.129228966974,9,1.9,10.6312828355564
17,1.9,16.6706691446709,15,1.9,15.1213503362213,13,1.9,13.5793381442906,11,1.9,12.0506245916178,9,1.9,10.5537676867855
17,1.9,16.6881367062539,15,1.9,15.1412485219753,13,1.9,13.6008513973292,11,1.9,12.0713474517573,9,1.9,10.5732158143625
17,1.9,16.7458353047363,15,1.9,15.1985644742176,13,1.9,13.6583135331573,11,1.9,12.1290666229493,9,1.9,10.6306590134569
17,1.9,16.6705898108591,15,1.9,15.1213973339147,13,1.9,13.5794243406446,11,1.9,12.0508848323826,9,1.9,10.5537843477651
17,1.9,16.6879532243926,15,1.9,15.1409889840952,13,1.9,13.6006300234921,11,1.9,12.07091764313,9,1.9,10.5723552703952
17,1.9,16.7459677158619,15,1.9,15.1986649310078,13,1.9,13.658484036384,11,1.9,12.1292259227118,9,1.9,10.6304876514065
17,1.9,16.6707620249937,15,1.9,15.121388920608,13,1.9,13.5793071024081,11,1.9,12.0505936623826,9,1.9,10.5528753412526
17,1.9,16.6881337904843,15,1.9,15.1412627083918,13,1.9,13.6008472294022,11,1.9,12.0712978096278,9,1.9,10.5724378464073
17,1.9,16.7458228922129,15,1.9,15.1986013454969,13,1.9,13.6583531506542,11,1.9,12.1290268490145,9,1.9,10.6299067487693
17,1.9,16.6705637932116,15,1.9,15.1213888411222,13,1.9,13.5794299135051,11,1.9,12.0508349603018,9,1.9,10.5529338596828
17,1.9,16.6879189760829,15,1.9,15.1409593752933,13,1.9,13.6006877733225,11,1.9,12.0708697317444,9,1.9,10.5715553005177
17,1.9,16.7459304612758,15,1.9,15.1986215613228,13,1.9,13.6585006269595,11,1.9,12.1291601842213,9,1.9,10.6297591197497
17,1.9,16.6706626365212,15,1.9,15.1213368668313,13,1.9,13.5793186949649,11,1.9,12.0505552822001,9,1.9,10.5520990496238
17,1.9,16.6881337133483,15,1.9,15.1412301963985,13,1.9,13.6008434438848,11,1.9,12.0712837099621,9,1.9,10.5716979092323
17,1.9,16.745849944958,15,1.9,15.1985530376537,13,1.9,13.6583448769744,11,1.9,12.1290045164246,9,1.9,10.6292216543781
17,1.9,16.6706323336243,15,1.9,15.121390511541,13,1.9,13.579442027944,11,1.9,12.0508124129488,9,1.9,10.5521861661674
17,1.9,16.6879831149424,15,1.9,15.1409935147562,13,1.9,13.6006718265563,11,1.9,12.070829782574,9,1.9,10.570904923214
17,1.9,16.745987039425,15,1.9,15.1986692493217,13,1.9,13.658494615742,11,1.9,12.1291280228698,9,1.9,10.6291409878837
17,1.9,16.6706813371971,15,1.9,15.12139684005,13,1.9,13.5794182530264,11,1.9,12.0505023778708,9,1.9,10.5513804285762
17,1.9,16.6882003774563,15,1.9,15.1412882611868,13,1.9,13.6008486178537,11,1.9,12.0712499993509,9,1.9,10.5710252690041
17,1.9,16.7458348876232,15,1.9,15.198605629816,13,1.9,13.6583212796727,11,1.9,12.1289671578606,9,1.9,10.6285970750672
17,1.9,16.6706118548852,15,1.9,15.1214422435094,13,1.9,13.5794265633153,11,1.9,12.0507771961621,9,1.9,10.551493607872
17,1.9,16.6879495103071,15,1.9,15.1410094389097,13,1.9,13.6006524345618,11,1.9,12.0708019411374,9,1.9,10.5702351008563
17,1.9,16.7460009643709,15,1.9,15.1986780064698,13,1.9,13.6584518327164,11,1.9,12.1291225803152,9,1.9,10.6284946442933
17,1.9,16.6707334777702,15,1.9,15.1213960198143,13,1.9,13.5793747353744,11,1.9,12.0505143890224,9,1.9,10.5507072339291
17,1.9,16.6881809653027,15,1.9,15.1412849377939,13,1.9,13.6008131354023,11,1.9,12.0712344726215,9,1.9,10.5704072145854
17,1.9,16.7458448774826,15,1.9,15.1986009578324,13,1.9,13.6582741682028,11,1.9,12.1289445406322,9,1.9,10.6280170071272
17,1.9,16.6706384480988,15,1.9,15.1213964914321,13,1.9,13.5793671538677,11,1.9,12.0507537860376,9,1.9,10.5508865165965
17,1.9,16.6880070033531,15,1.9,15.141048097592,13,1.9,13.6006376997324,11,1.9,12.0708253625994,9,1.9,10.5696810909688
17,1.9,16.7460324376493,15,1.9,15.1987204755978,13,1.9,13.6584523475495,11,1.9,12.129135141053,9,1.9,10.6279729115492
17,1.9,16.6708119977619,15,1.9,15.1214503258691,13,1.9,13.579370620309,11,1.9,12.0505260600623,9,1.9,10.5501454553045
17,1.9,16.6881876435901,15,1.9,15.1413220226901,13,1.9,13.6007871998096,11,1.9,12.0712450617474,9,1.9,10.5698498510681
17,1.9,16.7458982870773,15,1.9,15.1986372762431,13,1.9,13.6582334463575,11,1.9,12.1289572769095,9,1.9,10.6274937532117
17,1.9,16.6706406446985,15,1.9,15.121451389231,13,1.9,13.5793253061922,11,1.9,12.0507584775165,9,1.9,10.5503359937463
17,1.9,16.6879533867419,15,1.9,15.1410782000951,13,1.9,13.6005946235619,11,1.9,12.0707917288856,9,1.9,10.5691223988482
17,1.9,16.7459953178853,15,1.9,15.1987504867755,13,1.9,13.6584392311151,11,1.9,12.1290988253215,9,1.9,10.6274494044684
17,1.9,16.6708315954567,15,1.9,15.1214546269339,13,1.9,13.5793481270967,11,1.9,12.0504764911964,9,1.9,10.5495982169209
17,1.9,16.6881522869518,15,1.9,15.1413642694312,13,1.9,13.6007727409437,11,1.9,12.0712205635084,9,1.9,10.5693666278057
17,1.9,16.7458707651991,15,1.9,15.1986859901886,13,1.9,13.6582316634492,11,1.9,12.1289413589263,9,1.9,10.6270313051318
17,1.9,16.6706386109296,15,1.9,15.1214804143895,13,1.9,13.5793489971381,11,1.9,12.0507486746288,9,1.9,10.5498336428682
17,1.9,16.6879953131315,15,1.9,15.1411252094121,13,1.9,13.6005874768967,11,1.9,12.0707988378992,9,1.9,10.5686864628089
17,1.9,16.7459959587099,15,1.9,15.1988004242959,13,1.9,13.6583995689864,11,1.9,12.1291109555177,9,1.9,10.6270372521471
17,1.9,16.6707080556758,15,1.9,15.1215207395972,13,1.9,13.579253410172,11,1.9,12.0505144011394,9,1.9,10.5491699583707
17,1.9,16.6881724506019,15,1.9,15.1414015607515,13,1.9,13.6007477916395,11,1.9,12.0711419012597,9,1.9,10.5689360168129
17,1.9,16.7458028496042,15,1.9,15.1987180911957,13,1.9,13.6581993145234,11,1.9,12.1289179315767,9,1.9,10.6266254601164
17,1.9,16.6705926954201,15,1.9,15.1215093560093,13,1.9,13.5792817044783,11,1.9,12.0507318765047,9,1.9,10.5494427544004
17,1.9,16.687988155372,15,1.9,15.1411661897001,13,1.9,13.6005626869281,11,1.9,12.0708266512772,9,1.9,10.5682906209889
17,1.9,16.7459877302078,15,1.9,15.1988302261374,13,1.9,13.6583713896767,11,1.9,12.1291256542662,9,1.9,10.6266604076126
17,1.9,16.6706940890051,15,1.9,15.1215231037371,13,1.9,13.5792095720705,11,1.9,12.050515629646,9,1.9,10.5487738205104
17,1.9,16.6881508795374,15,1.9,15.1414003893754,13,1.9,13.6007284749771,11,1.9,12.0712181819433,9,1.9,10.5685524301704
17,1.9,16.745867426338,15,1.9,15.1987175245406,13,1.9,13.6581842895774,11,1.9,12.1289650882121,9,1.9,10.6262653533182
17,1.9,16.6707107444477,15,1.9,15.1215100458551,13,1.9,13.5793337862789,11,1.9,12.0507755038557,9,1.9,10.5490627021148
17,1.9,16.6879975339142,15,1.9,15.141142879823,13,1.9,13.6005856363964,11,1.9,12.0708432872577,9,1.9,10.5679439716171
17,1.9,16.7460202138857,15,1.9,15.1988237168282,13,1.9,13.6583795724591,11,1.9,12.1291368743088,9,1.9,10.6263386517713
17,1.9,16.6707955263305,15,1.9,15.1215582207908,13,1.9,13.5792188613184,11,1.9,12.0505174248779,9,1.9,10.5484485691008
17,1.9,16.6881676112576,15,1.9,15.1414547563208,13,1.9,13.6007379755136,11,1.9,12.0712639746301,9,1.9,10.5682544660687
17,1.9,16.7458948966707,15,1.9,15.1987785388931,13,1.9,13.658185624816,11,1.9,12.1289756877434,9,1.9,10.6259624054312
17,1.9,16.6706591872782,15,1.9,15.1216270594287,13,1.9,13.5792690115158,11,1.9,12.0507724885624,9,1.9,10.5487370721873
17,1.9,16.6880032259891,15,1.9,15.1411951000167,13,1.9,13.6004992403553,11,1.9,12.0708220332389,9,1.9,10.5676378358708
17,1.9,16.7460075271335,15,1.9,15.198847704851,13,1.9,13.6583543776604,11,1.9,12.1291153466639,9,1.9,10.6260390345531
17,1.9,16.6707491294584,15,1.9,15.1215545838417,13,1.9,13.5792138194494,11,1.9,12.0505081945894,9,1.9,10.5481257919099
17,1.9,16.6882027887892,15,1.9,15.1414416460877,13,1.9,13.6007871645695,11,1.9,12.0711789499522,9,1.9,10.5679404430103
17,1.9,16.7459115061563,15,1.9,15.1987677393714,13,1.9,13.6582080980274,11,1.9,12.1289380336579,9,1.9,10.625668402385
17,1.9,16.6706764790565,15,1.9,15.1215995707847,13,1.9,13.5793540626309,11,1.9,12.0507639188889,9,1.9,10.5484395806854
17,1.9,16.6880110353382,15,1.9,15.141161074316,13,1.9,13.6005971109636,11,1.9,12.0708014261871,9,1.9,10.5673491615219
17,1.9,16.7460183525751,15,1.9,15.1988137900288,13,1.9,13.6583904267577,11,1.9,12.1291004072524,9,1.9,10.6257477792585
17,1.9,16.6707457408501,15,1.9,15.1215188603209,13,1.9,13.5793273150825,11,1.9,12.0504829539298,9,1.9,10.5478311164853
17,1.9,16.6882318506446,15,1.9,15.1413868591658,13,1.9,13.6007518318439,11,1.9,12.0712138394603,9,1.9,10.5676690320903
17,1.9,16.7459186025027,15,1.9,15.1987044031907,13,1.9,13.6581952037665,11,1.9,12.1289456283816,9,1.9,10.6254101780593
17,1.9,16.6707422639727,15,1.9,15.1214770890513,13,1.9,13.5793056940485,11,1.9,12.0507393473796,9,1.9,10.5481923154094
17,1.9,16.6880621132091,15,1.9,15.1410961194966,13,1.9,13.6005722492634,11,1.9,12.0707777297259,9,1.9,10.5671062120664
17,1.9,16.7460595140962,15,1.9,15.1987666343537,13,1.9,13.6583707943572,11,1.9,12.1290786049878,9,1.9,10.625535374374
17,1.9,16.6707793511245,15,1.9,15.1214936598589,13,1.9,13.5793190227569,11,1.9,12.0504673933421,9,1.9,10.5476216469406
17,1.9,16.6881909115614,15,1.9,15.1413425592524,13,1.9,13.6007320113762,11,1.9,12.0711830580139,9,1.9,10.567454807332
17,1.9,16.7459058371198,15,1.9,15.1986552813946,13,1.9,13.6581828665351,11,1.9,12.1289238946534,9,1.9,10.6252077363549
17,1.9,16.6706574557089,15,1.9,15.1214535504821,13,1.9,13.5792909204785,11,1.9,12.0507346096492,9,1.9,10.5479883764028
17,1.9,16.6880328737249,15,1.9,15.1410813887228,13,1.9,13.6005395995837,11,1.9,12.0707858688355,9,1.9,10.566917119519
17,1.9,16.7460487337067,15,1.9,15.1987595060559,13,1.9,13.6583459684867,11,1.9,12.1290747404888,9,1.9,10.6253521851479
17,1.9,16.6708174487441,15,1.9,15.121434161862,13,1.9,13.5792848863206,11,1.9,12.0504774114212,9,1.9,10.5474376029135
17,1.9,16.6882764954038,15,1.9,15.1413288709871,13,1.9,13.600697205319,11,1.9,12.0711797571003,9,1.9,10.5672729698787
17,1.9,16.7459895496591,15,1.9,15.1986523453383,13,1.9,13.65815271021,11,1.9,12.1288965503095,9,1.9,10.625028942885
17,1.9,16.6707429744906,15,1.9,15.1214401332976,13,1.9,13.5792459206761,11,1.9,12.0507060630573,9,1.9,10.5478165814879
17,1.9,16.6881040070641,15,1.9,15.1410782013073,13,1.9,13.6005065436947,11,1.9,12.0707717062487,9,1.9,10.5667312148646
17,1.9,16.7461044478385,15,1.9,15.1987684198049,13,1.9,13.6583110273431,11,1.9,12.1290768089783,9,1.9,10.6251778611042
17,1.9,16.6708237834148,15,1.9,15.1214849231335,13,1.9,13.579162748245,11,1.9,12.0504692805647,9,1.9,10.5472699878348
17,1.9,16.6882884386127,15,1.9,15.1413823196307,13,1.9,13.600680684139,11,1.9,12.0711306365033,9,1.9,10.5671470113376
17,1.9,16.7459958904491,15,1.9,15.1987008748059,13,1.9,13.6581573226948,11,1.9,12.1289035151166,9,1.9,10.6248939701674
17,1.9,16.6707725999959,15,1.9,15.1214935133821,13,1.9,13.5792288284164,11,1.9,12.0507074715797,9,1.9,10.5476733397542
17,1.9,16.6881563868473,15,1.9,15.1411199133789,13,1.9,13.6005079565901,11,1.9,12.0708021038398,9,1.9,10.566617663238
17,1.9,16.7461356938709,15,1.9,15.1987875999484,13,1.9,13.6583100315983,11,1.9,12.1291038601366,9,1.9,10.6250520006489
17,1.9,16.6708632447257,15,1.9,15.1215021517016,13,1.9,13.5791545335009,11,1.9,12.0504853673959,9,1.9,10.5471338451125
17,1.9,16.6882489577719,15,1.9,15.1413999269033,13,1.9,13.60069766621,11,1.9,12.071162046306,9,1.9,10.5670013984762
17,1.9,16.7459561703833,15,1.9,15.1987182262369,13,1.9,13.658124831687,11,1.9,12.1289234494574,9,1.9,10.6247661174455
17,1.9,16.6707249356,15,1.9,15.1215563583267,13,1.9,13.5792059279706,11,1.9,12.050744071263,9,1.9,10.5475463680767
17,1.9,16.6880740872858,15,1.9,15.14113512177,13,1.9,13.600505753548,11,1.9,12.0707759647064,9,1.9,10.5664689490949
17,1.9,16.7460689987387,15,1.9,15.1987934798549,13,1.9,13.6583172905463,11,1.9,12.129087127677,9,1.9,10.6249244825082
17,1.9,16.6707645827236,15,1.9,15.1214790055632,13,1.9,13.5791657894877,11,1.9,12.0504870993308,9,1.9,10.5470153963368
17,1.9,16.6882602637404,15,1.9,15.1413827840469,13,1.9,13.6007054590931,11,1.9,12.0711719610026,9,1.9,10.5669080516836
17,1.9,16.745955322964,15,1.9,15.1986940776807,13,1.9,13.658221769381,11,1.9,12.1289180711215,9,1.9,10.6246361867522
17,1.9,16.6707161704913,15,1.9,15.1214886162489,13,1.9,13.5793297085596,11,1.9,12.0507337648481,9,1.9,10.5473957467522
17,1.9,16.6881449626396,15,1.9,15.1411240568394,13,1.9,13.6005778361899,11,1.9,12.0707958114614,9,1.9,10.5663398743378
17,1.9,16.7461426596704,15,1.9,15.1988375935203,13,1.9,13.6583763276875,11,1.9,12.1291005126403,9,1.9,10.6247803312003
17,1.9,16.670859261527,15,1.9,15.1215456905486,13,1.9,13.5792306659255,11,1.9,12.0504852943577,9,1.9,10.5468554123408
17,1.9,16.688332001653,15,1.9,15.1414033372578,13,1.9,13.6008286042412,11,1.9,12.0712114123891,9,1.9,10.5667204382906
17,1.9,16.7459860011222,15,1.9,15.1987085080391,13,1.9,13.6582435495777,11,1.9,12.1289451271069,9,1.9,10.6244742601326
17,1.9,16.6707646607972,15,1.9,15.1214413593972,13,1.9,13.5793409772403,11,1.9,12.0507122959347,9,1.9,10.5472307772179
17,1.9,16.6882042528781,15,1.9,15.1410723276832,13,1.9,13.6006130298597,11,1.9,12.0708052661381,9,1.9,10.5661831824814
17,1.9,16.7462017557126,15,1.9,15.1987607650905,13,1.9,13.6584028586636,11,1.9,12.1290970267886,9,1.9,10.6246339484103
17,1.9,16.6708953416189,15,1.9,15.1214868393419,13,1.9,13.5793542531748,11,1.9,12.0504803240772,9,1.9,10.5467141767423
17,1.9,16.6883355610751,15,1.9,15.1413354283905,13,1.9,13.60080215714,11,1.9,12.0711948556528,9,1.9,10.5665983149131
17,1.9,16.7459749507511,15,1.9,15.1986556877233,13,1.9,13.6582212646802,11,1.9,12.128940335574,9,1.9,10.6243687340144
17,1.9,16.6707541154574,15,1.9,15.1214726162231,13,1.9,13.5792880140687,11,1.9,12.0507634111178,9,1.9,10.5471348733716
17,1.9,16.688109830478,15,1.9,15.1410332989872,13,1.9,13.6005967874242,11,1.9,12.0708101793999,9,1.9,10.5660614468067
17,1.9,16.7461450047962,15,1.9,15.1986914236599,13,1.9,13.6583958335642,11,1.9,12.1291069009575,9,1.9,10.6245105438654
17,1.9,16.6709418968349,15,1.9,15.121437321837,13,1.9,13.5792303434026,11,1.9,12.0504886570198,9,1.9,10.5466131174895
17,1.9,16.6882841623861,15,1.9,15.1412949049452,13,1.9,13.6007369615017,11,1.9,12.0711248637088,9,1.9,10.5664344558196
17,1.9,16.7459512689717,15,1.9,15.1986062441717,13,1.9,13.6581916637816,11,1.9,12.1288951352074,9,1.9,10.6242322854171
17,1.9,16.670715798034,15,1.9,15.121452274276,13,1.9,13.5793323838621,11,1.9,12.0506824038577,9,1.9,10.5470565827928
17,1.9,16.6880596295607,15,1.9,15.1410359361767,13,1.9,13.6005843720128,11,1.9,12.0707954557718,9,1.9,10.5660034633808
17,1.9,16.7460746441387,15,1.9,15.1987000326054,13,1.9,13.6583772401501,11,1.9,12.1290756132501,9,1.9,10.6244607122655
17,1.9,16.6708083840708,15,1.9,15.1214266961132,13,1.9,13.5793247009824,11,1.9,12.0504515294903,9,1.9,10.5465754253759
17,1.9,16.6882237247004,15,1.9,15.1413025820728,13,1.9,13.600767703166,11,1.9,12.0712168267412,9,1.9,10.5664809398295
17,1.9,16.7459332187462,15,1.9,15.1986168315106,13,1.9,13.658204733146,11,1.9,12.1289295015031,9,1.9,10.624245938199
17,1.9,16.6706900558147,15,1.9,15.1214307444152,13,1.9,13.5792623101529,11,1.9,12.0507294667237,9,1.9,10.547037958931
17,1.9,16.6880470778947,15,1.9,15.1410417324934,13,1.9,13.6005684856166,11,1.9,12.0707717488601,9,1.9,10.5659738823034
17,1.9,16.7460470727847,15,1.9,15.1987027108966,13,1.9,13.6584068488403,11,1.9,12.1290684772714,9,1.9,10.6244384806719
17,1.9,16.6707664889454,15,1.9,15.1214208271352,13,1.9,13.5792600240365,11,1.9,12.0504313020294,9,1.9,10.5465437733447
17,1.9,16.6882020216998,15,1.9,15.1412975971444,13,1.9,13.6008393816837,11,1.9,12.0711404473784,9,1.9,10.5664092961064
17,1.9,16.7459020182141,15,1.9,15.1986221316441,13,1.9,13.6582485176786,11,1.9,12.1288778334546,9,1.9,10.6241749153209
17,1.9,16.6707313829295,15,1.9,15.1214539966496,13,1.9,13.5793657133927,11,1.9,12.0506688429976,9,1.9,10.5469840691462
17,1.9,16.6879947848717,15,1.9,15.1410313425028,13,1.9,13.6006368936607,11,1.9,12.0707613856073,9,1.9,10.5659381253622
17,1.9,16.7459909693842,15,1.9,15.1987072535671,13,1.9,13.6584327777274,11,1.9,12.1290627500053,9,1.9,10.6244046437132
17,1.9,16.6707895483549,15,1.9,15.12144030717,13,1.9,13.5792981229887,11,1.9,12.0504498651855,9,1.9,10.5464932003463
17,1.9,16.6881480812889,15,1.9,15.1413119475444,13,1.9,13.6008090168612,11,1.9,12.0711841568089,9,1.9,10.56638822971
17,1.9,16.7458466908653,15,1.9,15.1986404389713,13,1.9,13.6582602292289,11,1.9,12.1289045955273,9,1.9,10.6241587153529
17,1.9,16.6706092439967,15,1.9,15.121433822522,13,1.9,13.5793449625934,11,1.9,12.0507193321356,9,1.9,10.5469474933415
17,1.9,16.6879743136773,15,1.9,15.1410980975464,13,1.9,13.6006552559633,11,1.9,12.0707807232248,9,1.9,10.5659184979304
17,1.9,16.7459678740875,15,1.9,15.1987635301454,13,1.9,13.6584560711865,11,1.9,12.129091260882,9,1.9,10.6243689352492
17,1.9,16.6707939718512,15,1.9,15.1214894232704,13,1.9,13.5794008946126,11,1.9,12.0504762371321,9,1.9,10.5464726701015
17,1.9,16.6881522072793,15,1.9,15.1413927490278,13,1.9,13.6008449327315,11,1.9,12.0712020183164,9,1.9,10.5663554621795
17,1.9,16.7458604701893,15,1.9,15.1986948610561,13,1.9,13.6582680424526,11,1.9,12.1289292539109,9,1.9,10.6241383546897
17,1.9,16.6706005433758,15,1.9,15.1214635468832,13,1.9,13.5793201514811,11,1.9,12.0507317834071,9,1.9,10.546931024921
17,1.9,16.6879328952829,15,1.9,15.1411136235845,13,1.9,13.6006109138488,11,1.9,12.0708458402958,9,1.9,10.5658970512716
17,1.9,16.7459513891094,15,1.9,15.1987798760999,13,1.9,13.6584225809579,11,1.9,12.1291421517667,9,1.9,10.6243643039589
17,1.9,16.6707003989868,15,1.9,15.1215156988729,13,1.9,13.5793680819976,11,1.9,12.0505189501733,9,1.9,10.5464537601273
17,1.9,16.688119114528,15,1.9,15.1413837422672,13,1.9,13.6009185481506,11,1.9,12.0712520610181,9,1.9,10.5663342120005
17,1.9,16.7458330544746,15,1.9,15.198697927125,13,1.9,13.6583146762433,11,1.9,12.1289870666795,9,1.9,10.6241144324464
17,1.9,16.6705971408607,15,1.9,15.121497532345,13,1.9,13.5793921215353,11,1.9,12.0507587157394,9,1.9,10.5469038801288
17,1.9,16.6879910684841,15,1.9,15.1411364741807,13,1.9,13.6006961234416,11,1.9,12.0708543655668,9,1.9,10.5658680032567
17,1.9,16.7459747260879,15,1.9,15.1987984283587,13,1.9,13.6584909166461,11,1.9,12.1291431480005,9,1.9,10.6243358419107
17,1.9,16.6707142521513,15,1.9,15.1215383324686,13,1.9,13.5793263177547,11,1.9,12.0505249873536,9,1.9,10.546432681701
17,1.9,16.6881439593998,15,1.9,15.1413876670908,13,1.9,13.6008956236042,11,1.9,12.0712438897646,9,1.9,10.5662939437288
17,1.9,16.745840560024,15,1.9,15.1987165484375,13,1.9,13.6583000844119,11,1.9,12.128973214376,9,1.9,10.6240855221145
17,1.9,16.6705892171462,15,1.9,15.1215024682577,13,1.9,13.5793598842395,11,1.9,12.05074194836,9,1.9,10.5468936900386
17,1.9,16.687925481249,15,1.9,15.1411560834059,13,1.9,13.6006007913904,11,1.9,12.0708286668288,9,1.9,10.5658389359126
17,1.9,16.7459418226887,15,1.9,15.1988148330056,13,1.9,13.6584482819138,11,1.9,12.1291386612014,9,1.9,10.6243195569828
17,1.9,16.670754126407,15,1.9,15.1215455509283,13,1.9,13.579293225934,11,1.9,12.0505277704766,9,1.9,10.5464464774445
17,1.9,16.6881391700847,15,1.9,15.1414117381622,13,1.9,13.6008232035153,11,1.9,12.0712461148928,9,1.9,10.566348685315
17,1.9,16.7457779277179,15,1.9,15.1987301443231,13,1.9,13.6582765585161,11,1.9,12.1289813562192,9,1.9,10.6241190193584
17,1.9,16.6705618464933,15,1.9,15.1215106071977,13,1.9,13.5793540134381,11,1.9,12.0507703551825,9,1.9,10.5469119833066
17,1.9,16.6879027148967,15,1.9,15.1411773617929,13,1.9,13.6006330470955,11,1.9,12.0708410275687,9,1.9,10.5658702047371
17,1.9,16.7459318547763,15,1.9,15.1988388673381,13,1.9,13.6584408972996,11,1.9,12.1291277629942,9,1.9,10.6243430214419
